,Outcome,Positive,Negative,Neutral
BDD,1.0,119.0,14.0,4.0
Bilby,1.0,134.0,2.0,1.0
Darkwind,1.0,108.0,30.0,8.0
INeverCry,1.0,101.0,8.0,1.0
Jason Quinn,1.0,140.0,40.0,17.0
Legoktm,1.0,149.0,3.0,4.0
Lord Roem,1.0,219.0,50.0,9.0
Mattythewhite,1.0,104.0,18.0,5.0
Miniapolis,1.0,84.0,24.0,7.0
Mkdw,1.0,104.0,1.0,2.0
Nthep,1.0,78.0,1.0,3.0
Ocaasi,1.0,167.0,4.0,1.0
Paulmcdonald,1.0,89.0,8.0,3.0
RockMagnetist,1.0,98.0,3.0,1.0
Secret,1.0,127.0,44.0,17.0
Shirt58,1.0,105.0,7.0,4.0
Tokyogirl79,1.0,146.0,2.0,0.0
West.andrew.g,1.0,106.0,10.0,6.0
Ymblanter,1.0,124.0,2.0,0.0
angelo1345,-1.0,2.0,7.0,0.0
AppleJack-7,-1.0,0.0,9.0,2.0
Banaticus,-1.0,28.0,26.0,16.0
Binksternet,-1.0,84.0,46.0,20.0
Carrite,-1.0,82.0,52.0,13.0
DCI2026,-1.0,7.0,10.0,2.0
Dirtlawyer1,-1.0,92.0,45.0,3.0
Hahc21,-1.0,15.0,34.0,7.0
Jasper Deng,-1.0,30.0,29.0,9.0
KumiokoCleanStart,-1.0,14.0,46.0,24.0
Piotrus,-1.0,81.0,66.0,14.0
Pjoef,-1.0,19.0,43.0,17.0
Satellizer,-1.0,5.0,3.0,1.0
Theopolisme,-1.0,111.0,52.0,28.0
TortoiseWrath,-1.0,1.0,5.0,0.0
Vacation9,-1.0,8.0,18.0,7.0
Bagumba,1.0,81.0,3.0,1.0
Basalisk,1.0,64.0,17.0,6.0
Bbb23,1.0,135.0,17.0,8.0
Berean Hunter,1.0,160.0,0.0,0.0
Bgwhite,1.0,111.0,13.0,2.0
Crisco 1492,1.0,110.0,12.0,3.0
De728631,1.0,74.0,0.0,0.0
Dennis Brown,1.0,134.0,31.0,2.0
Dpmuk,1.0,64.0,3.0,1.0
Ekabhishek,1.0,78.0,12.0,10.0
Fayenatic london,1.0,53.0,2.0,1.0
GiantSnowman,1.0,178.0,36.0,8.0
Harrias,1.0,127.0,1.0,1.0
ItsZippy,1.0,76.0,24.0,8.0
Jenks24,1.0,117.0,2.0,0.0
KTC,1.0,130.0,21.0,0.0
Mark Arsten,1.0,122.0,0.0,0.0
MikeLynch,1.0,105.0,10.0,1.0
Monty845,1.0,85.0,10.0,0.0
Mr. Stradivarius,1.0,125.0,0.0,0.0
SarahStierch,1.0,217.0,0.0,2.0
Scottywong,1.0,89.0,4.0,11.0
Sergecross73,1.0,97.0,2.0,0.0
TommyBoy,1.0,108.0,31.0,8.0
Writ Keeper,1.0,114.0,18.0,6.0
Yngvadottir,1.0,72.0,22.0,8.0
Yunshui,1.0,97.0,0.0,0.0
Zagalejo,1.0,110.0,4.0,3.0
Σ,-1.0,140.0,65.0,18.0
987li,-1.0,2.0,19.0,1.0
Anbu121,-1.0,17.0,20.0,2.0
Apteva,-1.0,2.0,37.0,2.0
AutomaticStrikeout,-1.0,18.0,26.0,20.0
Avicennasis,-1.0,67.0,34.0,6.0
Baseballrocks538,-1.0,0.0,3.0,0.0
Bens dream,-1.0,0.0,5.0,0.0
Calabe1992,-1.0,46.0,32.0,11.0
Central Data Bank,-1.0,0.0,9.0,0.0
Dannyboy1209,-1.0,0.0,16.0,0.0
Darkness Shines,-1.0,0.0,13.0,1.0
Deathlibrarian,-1.0,0.0,7.0,0.0
Dipankan001,-1.0,13.0,27.0,10.0
Distributor108,-1.0,0.0,9.0,0.0
Farrtj,-1.0,0.0,6.0,4.0
Faustus37,-1.0,1.0,26.0,0.0
Figureskatingfan,-1.0,29.0,27.0,17.0
Floydian,-1.0,25.0,41.0,15.0
GabeMc,-1.0,11.0,53.0,7.0
Gigs,-1.0,35.0,29.0,9.0
GSorby,-1.0,3.0,18.0,0.0
Hghyux,-1.0,0.0,15.0,0.0
History2007,-1.0,37.0,27.0,2.0
James1011R,-1.0,0.0,6.0,0.0
Jeff G.,-1.0,1.0,14.0,1.0
JordanKyser22,-1.0,1.0,6.0,0.0
Kamek98,-1.0,0.0,6.0,0.0
Karthikndr,-1.0,10.0,9.0,1.0
Ktr101,-1.0,79.0,82.0,24.0
Kumioko,-1.0,75.0,79.0,36.0
LuK3,-1.0,29.0,25.0,8.0
Mabdul,-1.0,84.0,39.0,11.0
Mapalazoo,-1.0,0.0,10.0,0.0
Marcus Qwertyus,-1.0,23.0,55.0,19.0
Master&Expert,-1.0,39.0,43.0,20.0
Mlpearc,-1.0,82.0,30.0,8.0
MONGO,-1.0,185.0,149.0,27.0
Mr little irish,-1.0,5.0,26.0,7.0
My76Strat,-1.0,76.0,103.0,22.0
Northamerica1000,-1.0,37.0,54.0,23.0
Penyulap,-1.0,3.0,24.0,1.0
PerryThePlatypusFan,-1.0,0.0,8.0,0.0
Pol430,-1.0,46.0,32.0,2.0
PumpkinSky,-1.0,59.0,32.0,7.0
Purplebackpack89,-1.0,1.0,20.0,2.0
QuiteUnusual,-1.0,85.0,37.0,6.0
Raghusri,-1.0,1.0,15.0,0.0
Rcsprinter123,-1.0,5.0,24.0,8.0
ronjohn,-1.0,0.0,23.0,0.0
Ryan Vesey,-1.0,117.0,48.0,11.0
Sk8terguy27,-1.0,0.0,2.0,0.0
SpeakFree,-1.0,4.0,9.0,4.0
Sven Manguard,-1.0,20.0,10.0,2.0
Swinquest,-1.0,0.0,13.0,0.0
SwisterTwister,-1.0,68.0,35.0,11.0
The Determinator,-1.0,1.0,17.0,2.0
TheAustinMan,-1.0,1.0,8.0,2.0
TucsonDavid,-1.0,1.0,3.0,0.0
Vibhijain,-1.0,16.0,27.0,4.0
WinEuro,-1.0,0.0,3.0,0.0
XyphynX9,-1.0,0.0,8.0,0.0
28bytes,1.0,158.0,25.0,5.0
5 albert square,1.0,101.0,2.0,1.0
Acdixon,1.0,82.0,5.0,6.0
Anomie,1.0,163.0,1.0,3.0
Bahamut0013,1.0,121.0,6.0,3.0
Boing! said Zebedee,1.0,160.0,1.0,0.0
Catfish Jim and the soapdish,1.0,109.0,2.0,1.0
CharlieEchoTango,1.0,85.0,2.0,1.0
DeltaQuad,1.0,168.0,47.0,13.0
Drmies,1.0,205.0,2.0,3.0
ErikHaugen,1.0,82.0,27.0,1.0
ErrantX,1.0,85.0,2.0,4.0
Fæ,1.0,128.0,23.0,6.0
Feezo,1.0,47.0,1.0,6.0
Fluffernutter,1.0,152.0,0.0,0.0
GB fan,1.0,88.0,1.0,0.0
Gfoley4,1.0,71.0,10.0,4.0
Gimme danger,1.0,77.0,11.0,6.0
Gonzonoir,1.0,86.0,0.0,0.0
Guerillero,1.0,59.0,14.0,6.0
HJ Mitchell,1.0,319.0,62.0,39.0
Ironholds,1.0,376.0,148.0,53.0
JaGa,1.0,83.0,3.0,0.0
January,1.0,91.0,1.0,0.0
Jimp,1.0,75.0,4.0,0.0
Ks0stm,1.0,76.0,21.0,8.0
Kudpung,1.0,108.0,21.0,8.0
Lear's Fool,1.0,95.0,31.0,10.0
MichaelQSchmidt,1.0,109.0,6.0,2.0
Neelix,1.0,69.0,14.0,12.0
Peridon,1.0,64.0,3.0,1.0
Ponyo,1.0,75.0,1.0,2.0
Qwyrxian,1.0,104.0,12.0,3.0
Rami R,1.0,127.0,36.0,13.0
Rannpháirtí anaithnid,1.0,71.0,10.0,4.0
Reaper Eternal,1.0,133.0,0.0,3.0
Redrose64,1.0,89.0,5.0,10.0
RHM22,1.0,78.0,16.0,8.0
Richwales,1.0,142.0,49.0,16.0
Sadads,1.0,97.0,2.0,3.0
Salvio giuliano,1.0,112.0,3.0,2.0
SarekOfVulcan,1.0,242.0,74.0,12.0
Slon02,1.0,134.0,47.0,21.0
Smartse,1.0,129.0,0.0,1.0
Swarm,1.0,105.0,1.0,0.0
The Blade of the Northern Lights,1.0,133.0,1.0,0.0
The Bushranger,1.0,88.0,13.0,6.0
Tom Morris,1.0,97.0,1.0,3.0
TParis,1.0,48.0,4.0,4.0
Tyrol5,1.0,65.0,0.0,0.0
Valfontis,1.0,63.0,1.0,0.0
Worm That Turned,1.0,121.0,3.0,2.0
A520,-1.0,1.0,11.0,2.0
A930913,-1.0,0.0,11.0,0.0
Ancient Apparition,-1.0,14.0,21.0,4.0
Andrew J Powers,-1.0,0.0,3.0,0.0
Ankitbhatt,-1.0,3.0,23.0,6.0
Ankitkool1988,-1.0,0.0,1.0,0.0
Ant682,-1.0,0.0,3.0,0.0
Armbrust,-1.0,31.0,36.0,21.0
AwesomeSponge,-1.0,0.0,3.0,0.0
Breawycker,-1.0,0.0,8.0,1.0
Buggie111,-1.0,20.0,20.0,7.0
BuickCenturyDriver,-1.0,9.0,31.0,4.0
BusterD,-1.0,16.0,33.0,7.0
Cjc811,-1.0,0.0,4.0,0.0
Coolguy22468,-1.0,2.0,9.0,0.0
Core2012,-1.0,0.0,9.0,0.0
Cprice1000,-1.0,0.0,11.0,4.0
Ctjf83,-1.0,57.0,55.0,16.0
Curtis23,-1.0,1.0,29.0,3.0
CWH,-1.0,4.0,11.0,3.0
Dayewalker,-1.0,32.0,21.0,10.0
Dudemanfellabra,-1.0,11.0,21.0,10.0
Dusti,-1.0,7.0,43.0,6.0
Dylan620,-1.0,95.0,67.0,21.0
E2eamon,-1.0,30.0,19.0,3.0
Ebikeguy,-1.0,6.0,14.0,9.0
Eduemoni,-1.0,0.0,6.0,1.0
Giftiger wunsch,-1.0,7.0,8.0,1.0
Glane23,-1.0,46.0,26.0,14.0
Guoguo12,-1.0,48.0,27.0,10.0
GutiLucian02,-1.0,0.0,5.0,1.0
Hallows AG,-1.0,3.0,13.0,2.0
HangingCurve,-1.0,8.0,12.0,3.0
Hazard-SJ,-1.0,6.0,20.0,4.0
Inka 888,-1.0,1.0,8.0,0.0
Jéské Couriano,-1.0,62.0,23.0,6.0
Jsfouche,-1.0,45.0,26.0,6.0
Katharineamy,-1.0,2.0,2.0,0.0
Ke5crz,-1.0,1.0,5.0,2.0
Kylekieran,-1.0,1.0,8.0,2.0
Latish redone,-1.0,0.0,10.0,0.0
Logan,-1.0,76.0,29.0,4.0
MacMed,-1.0,29.0,42.0,8.0
Methecooldude,-1.0,0.0,3.0,0.0
Moxy,-1.0,5.0,6.0,6.0
N419BH,-1.0,15.0,22.0,6.0
N5iln,-1.0,50.0,26.0,7.0
Neutralhomer,-1.0,41.0,41.0,11.0
NickPenguin,-1.0,51.0,30.0,5.0
NYMets2000,-1.0,1.0,9.0,0.0
Nyswimmer,-1.0,0.0,5.0,1.0
RadioFan,-1.0,7.0,31.0,2.0
Reenem,-1.0,4.0,42.0,6.0
Rehman,-1.0,24.0,58.0,17.0
Richardcavell,-1.0,113.0,60.0,24.0
RobertMfromLI,-1.0,17.0,15.0,3.0
SilverSoul91911,-1.0,0.0,5.0,0.0
Snakenath,-1.0,0.0,2.0,0.0
Snottywong,-1.0,43.0,42.0,11.0
Spongefrog,-1.0,10.0,26.0,2.0
Staffwaterboy,-1.0,7.0,36.0,1.0
Steven Zhang,-1.0,124.0,45.0,7.0
SunCountryGuy01,-1.0,0.0,13.0,0.0
Tarheel95,-1.0,0.0,7.0,1.0
TedPavlic,-1.0,6.0,12.0,2.0
Timl2k4,-1.0,4.0,9.0,2.0
Ttonyb1,-1.0,15.0,5.0,9.0
VegetaSaiyan,-1.0,0.0,7.0,0.0
Wcreed88,-1.0,0.0,11.0,1.0
Who Am I Why Am I Here,-1.0,0.0,3.0,0.0
WikiCopter,-1.0,7.0,31.0,8.0
Wikipedian2,-1.0,0.0,12.0,2.0
Wikispott,-1.0,0.0,3.0,0.0
Wilbysuffolk,-1.0,0.0,8.0,0.0
Woe90i,-1.0,2.0,11.0,2.0
ZooPro,-1.0,5.0,42.0,9.0
7,1.0,158.0,39.0,16.0
Airplaneman,1.0,153.0,24.0,8.0
AlexandrDmitri,1.0,99.0,9.0,2.0
Amatulic,1.0,80.0,2.0,3.0
Arsenikk,1.0,107.0,1.0,1.0
Barek,1.0,65.0,0.0,2.0
BigDom,1.0,117.0,41.0,7.0
Blurpeace,1.0,82.0,5.0,2.0
Bradjamesbrown,1.0,112.0,0.0,1.0
Bsadowski1,1.0,75.0,29.0,8.0
Bwilkins,1.0,137.0,38.0,12.0
Calmer Waters,1.0,81.0,2.0,4.0
Ceranthor,1.0,240.0,56.0,14.0
Connormah,1.0,222.0,75.0,32.0
Dabomb87,1.0,188.0,0.0,1.0
Dana boomer,1.0,120.0,0.0,4.0
Diannaa,1.0,90.0,10.0,9.0
Eagles247,1.0,125.0,2.0,1.0
Elen of the Roads,1.0,173.0,9.0,4.0
Elockid,1.0,90.0,10.0,7.0
Eustress,1.0,71.0,1.0,2.0
Everyking,1.0,600.0,334.0,53.0
Excirial,1.0,109.0,10.0,4.0
Fainites,1.0,114.0,0.0,0.0
Father Goose,1.0,58.0,6.0,1.0
Favonian,1.0,128.0,3.0,1.0
Fetchcomms,1.0,126.0,0.0,2.0
Floquenbeam,1.0,113.0,27.0,5.0
GorillaWarfare,1.0,87.0,36.0,8.0
Grondemar,1.0,86.0,2.0,5.0
HelloAnnyong,1.0,88.0,1.0,0.0
J04n,1.0,101.0,29.0,14.0
JamesBWatson,1.0,102.0,9.0,3.0
Jamesofur,1.0,84.0,18.0,7.0
Jmh649,1.0,103.0,18.0,14.0
Joe Decker,1.0,78.0,7.0,1.0
Jujutacular,1.0,78.0,0.0,1.0
Kingpin13,1.0,154.0,26.0,9.0
Kww,1.0,375.0,152.0,36.0
Leonard^Bloom,1.0,113.0,41.0,16.0
Leyo,1.0,92.0,3.0,4.0
Looie496,1.0,112.0,7.0,3.0
Magog the Ogre,1.0,73.0,22.0,12.0
Mandsford,1.0,59.0,16.0,4.0
MGA73,1.0,90.0,8.0,12.0
Michig,1.0,83.0,0.0,2.0
Mike Cline,1.0,68.0,18.0,8.0
Mkativerata,1.0,112.0,1.0,2.0
NativeForeigner,1.0,67.0,10.0,5.0
Nev1,1.0,238.0,24.0,10.0
Nikkimaria,1.0,94.0,1.0,0.0
Olaf Davis,1.0,108.0,5.0,6.0
Panyd,1.0,122.0,32.0,12.0
Phantomsteve,1.0,111.0,1.0,0.0
Polargeo,1.0,184.0,36.0,15.0
PresN,1.0,70.0,10.0,3.0
Rlendog,1.0,101.0,1.0,4.0
Ron Ritzman,1.0,141.0,21.0,4.0
Shirik,1.0,102.0,2.0,5.0
Soap,1.0,181.0,0.0,0.0
Sphilbrick,1.0,119.0,16.0,9.0
Taelus,1.0,69.0,5.0,2.0
TFOWR,1.0,106.0,5.0,4.0
The Wordsmith,1.0,118.0,2.0,1.0
TheCatalyst31,1.0,68.0,12.0,13.0
Theleftorium,1.0,161.0,14.0,8.0
Thumperward,1.0,193.0,96.0,20.0
Tide rolls,1.0,162.0,2.0,2.0
Tim Song,1.0,122.0,21.0,6.0
Vejvančický,1.0,90.0,1.0,4.0
VernoWhitney,1.0,151.0,8.0,3.0
Waldir,1.0,76.0,1.0,2.0
Wifione,1.0,90.0,23.0,4.0
WOSlinker,1.0,83.0,4.0,1.0
07bargem,-1.0,0.0,6.0,0.0
1234r00t,-1.0,0.0,6.0,0.0
Access Denied,-1.0,20.0,34.0,11.0
Addihockey10,-1.0,3.0,43.0,5.0
Adyniz,-1.0,2.0,8.0,2.0
Aiken drum,-1.0,15.0,27.0,11.0
Alan16,-1.0,16.0,35.0,14.0
Alansohn,-1.0,39.0,56.0,11.0
alexsautographs,-1.0,0.0,18.0,0.0
Alexsautographs,-1.0,1.0,8.0,0.0
ArcAngel,-1.0,12.0,46.0,18.0
barts1a,-1.0,1.0,11.0,1.0
Blanchardb,-1.0,64.0,43.0,15.0
Bobby122,-1.0,0.0,4.0,1.0
Cgoodwin,-1.0,39.0,44.0,10.0
Checker Fred,-1.0,0.0,8.0,0.0
Cliffmore,-1.0,0.0,3.0,0.0
Crotalus horridus,-1.0,12.0,38.0,7.0
Danielspencer91,-1.0,0.0,9.0,0.0
Darth Stabro,-1.0,1.0,12.0,0.0
ddbruce,-1.0,0.0,9.0,1.0
Dr Dec,-1.0,9.0,32.0,11.0
Dylandlima,-1.0,2.0,8.0,0.0
Ecw.technoid.dweeb,-1.0,1.0,8.0,3.0
Editorofthewiki,-1.0,11.0,48.0,10.0
Endofskull,-1.0,3.0,14.0,2.0
Eridani,-1.0,0.0,6.0,0.0
Ezekiel63745,-1.0,0.0,7.0,0.0
Falcon8765,-1.0,41.0,26.0,2.0
Flushing258,-1.0,0.0,4.0,0.0
Frozen4322,-1.0,1.0,15.0,3.0
Geomapboy2,-1.0,0.0,13.0,1.0
Ginbot86,-1.0,2.0,11.0,7.0
Gobbleswoggler,-1.0,2.0,29.0,4.0
GSorbyDesroid,-1.0,0.0,6.0,3.0
GSorbyDesroid 2,-1.0,1.0,9.0,2.0
Hadger,-1.0,11.0,22.0,13.0
Halgo123,-1.0,1.0,4.0,0.0
Halil marx07,-1.0,0.0,9.0,0.0
Herostratus,-1.0,175.0,73.0,35.0
Immunize,-1.0,3.0,32.0,11.0
Ipfreely555,-1.0,0.0,7.0,0.0
JahaalChakravarti,-1.0,0.0,3.0,0.0
Jc3s5h,-1.0,38.0,30.0,8.0
Jeffrey Mall,-1.0,58.0,37.0,18.0
Jempcorp,-1.0,0.0,7.0,0.0
Jerem43,-1.0,74.0,71.0,16.0
Jmcw37,-1.0,12.0,41.0,12.0
Joe Chill,-1.0,7.0,11.0,4.0
Joe Gazz84,-1.0,0.0,4.0,2.0
KhamaPula,-1.0,0.0,5.0,0.0
Kingoomieiii,-1.0,67.0,36.0,3.0
Kirachinmoku,-1.0,0.0,15.0,1.0
Kirkoconnell,-1.0,0.0,11.0,2.0
KRSTIGER,-1.0,1.0,9.0,2.0
Laptopmaker,-1.0,0.0,7.0,1.0
Ling.Nut,-1.0,113.0,63.0,7.0
Louis Taylor,-1.0,0.0,7.0,0.0
Madhero88,-1.0,2.0,12.0,2.0
Madokhn,-1.0,0.0,5.0,0.0
Marcus Aurelius Antoninus,-1.0,0.0,8.0,1.0
matt319,-1.0,1.0,2.0,0.0
MC10,-1.0,27.0,58.0,13.0
Merle Lang,-1.0,0.0,3.0,1.0
Mikael Häggström,-1.0,12.0,14.0,14.0
Minimac,-1.0,3.0,4.0,1.0
MWOAP,-1.0,12.0,17.0,4.0
Mysdaao,-1.0,13.0,11.0,17.0
MZMcBride,-1.0,369.0,255.0,39.0
NastalgicCam,-1.0,0.0,11.0,0.0
Nations United,-1.0,1.0,5.0,1.0
Navy blue84,-1.0,3.0,10.0,4.0
Nosleep,-1.0,56.0,55.0,24.0
Osarius,-1.0,15.0,33.0,8.0
Otherlleft,-1.0,44.0,17.0,8.0
P Carn,-1.0,2.0,10.0,2.0
Pepperpiggle,-1.0,3.0,9.0,3.0
PopMusicWillNeverBeLowBrow,-1.0,1.0,15.0,0.0
Porchcrop,-1.0,1.0,43.0,6.0
ProcEnforce,-1.0,0.0,9.0,2.0
Raaggio,-1.0,0.0,12.0,2.0
RandomStringOfCharacters,-1.0,10.0,18.0,12.0
Redthoreau,-1.0,18.0,22.0,5.0
rp0211,-1.0,0.0,4.0,0.0
Rzrscm,-1.0,1.0,7.0,0.0
S1312,-1.0,0.0,4.0,2.0
S Marshall,-1.0,81.0,29.0,9.0
Sam Blacketer,-1.0,84.0,82.0,16.0
Saverx,-1.0,2.0,10.0,0.0
ShawnIsHere,-1.0,0.0,7.0,0.0
Silver seren,-1.0,37.0,44.0,15.0
SJK,-1.0,7.0,11.0,6.0
Skater,-1.0,15.0,31.0,17.0
SMcCandlish,-1.0,54.0,46.0,3.0
SyedNaqvi90,-1.0,0.0,7.0,1.0
T,-1.0,9.0,15.0,5.0
TEK,-1.0,0.0,15.0,0.0
Terrasidius,-1.0,11.0,24.0,13.0
The Arbiter,-1.0,2.0,6.0,1.0
The High Fin Sperm Whale,-1.0,2.0,11.0,1.0
The Thing That Should Not Be,-1.0,160.0,82.0,25.0
The Utahraptor,-1.0,14.0,42.0,8.0
Thegoodlocust,-1.0,0.0,13.0,1.0
Tommy2010,-1.0,8.0,9.0,2.0
Torchwoodwho,-1.0,0.0,8.0,2.0
TransporterMan,-1.0,15.0,22.0,2.0
Triona,-1.0,40.0,23.0,10.0
Unionhawk,-1.0,15.0,15.0,11.0
Venomcuz,-1.0,2.0,6.0,4.0
White Shadows,-1.0,10.0,26.0,13.0
Wiki Greek Basketball,-1.0,2.0,52.0,4.0
Wikiwoohoo,-1.0,97.0,70.0,21.0
Wilhelmina Will,-1.0,4.0,22.0,5.0
William S. Saturn,-1.0,7.0,21.0,0.0
YOSF0113,-1.0,0.0,1.0,5.0
Youndbuckerz,-1.0,1.0,13.0,2.0
Yuvmil,-1.0,2.0,11.0,2.0
2over0,1.0,94.0,0.0,0.0
Abecedare,1.0,111.0,0.0,0.0
AdjustShift,1.0,61.0,5.0,4.0
Admiral Norton,1.0,81.0,2.0,0.0
Al Ameer son,1.0,86.0,1.0,3.0
AlexiusHoratius,1.0,74.0,2.0,0.0
Amalthea,1.0,98.0,4.0,2.0
Amorymeltzer,1.0,54.0,3.0,8.0
Arbitrarily0,1.0,59.0,0.0,0.0
Atama,1.0,87.0,10.0,5.0
Backslash Forwardslash,1.0,174.0,39.0,11.0
Beeblebrox,1.0,95.0,46.0,29.0
Bellhalla,1.0,117.0,0.0,1.0
Bettia,1.0,111.0,27.0,5.0
Billinghurst,1.0,78.0,19.0,4.0
Bob the Wikipedian,1.0,71.0,3.0,5.0
BOZ,1.0,64.0,3.0,3.0
CactusWriter,1.0,93.0,3.0,0.0
Camw,1.0,69.0,20.0,14.0
Chamal N,1.0,88.0,5.0,9.0
Ched Davis,1.0,103.0,10.0,4.0
Climie.ca,1.0,106.0,7.0,2.0
Closedmouth,1.0,94.0,3.0,1.0
Cobi,1.0,445.0,154.0,40.0
Colds7ream,1.0,79.0,3.0,6.0
Cool3,1.0,89.0,45.0,12.0
CRGreathouse,1.0,77.0,19.0,9.0
Davemeistermoab,1.0,69.0,33.0,4.0
decltype,1.0,73.0,5.0,3.0
Dinoguy1000,1.0,83.0,1.0,2.0
Drilnoth,1.0,83.0,2.0,0.0
Dumelow,1.0,57.0,1.0,1.0
Enigmaman,1.0,363.0,105.0,18.0
Explicit,1.0,73.0,0.0,0.0
Fastily,1.0,55.0,14.0,5.0
Fences and windows,1.0,128.0,5.0,3.0
FlyingToaster,1.0,202.0,68.0,11.0
Foxy Loxy,1.0,98.0,38.0,12.0
Franamax,1.0,98.0,33.0,12.0
Fribbler,1.0,56.0,14.0,4.0
Fribbulus Xax,1.0,55.0,0.0,0.0
Ged UK,1.0,86.0,6.0,2.0
Geni,1.0,222.0,114.0,33.0
Graeme Bartlett,1.0,94.0,3.0,0.0
Hawkeye7,1.0,70.0,21.0,13.0
Jafeluv,1.0,80.0,2.0,1.0
Jake Wartenberg,1.0,151.0,1.0,1.0
JamieS93,1.0,193.0,59.0,9.0
Jarry1250,1.0,77.0,2.0,1.0
JohnCD,1.0,77.0,1.0,1.0
Kanonkas,1.0,109.0,0.0,1.0
Kateshortforbob,1.0,66.0,5.0,6.0
Killervogel5,1.0,93.0,1.0,3.0
Killiondude,1.0,100.0,0.0,0.0
Kotra,1.0,72.0,10.0,4.0
Laser brain,1.0,125.0,0.0,1.0
Law,1.0,101.0,23.0,4.0
LinguistAtLarge,1.0,72.0,1.0,1.0
Maedin,1.0,85.0,0.0,0.0
Malik Shabazz,1.0,115.0,2.0,2.0
Materialscientist,1.0,112.0,11.0,9.0
Maunus,1.0,73.0,6.0,4.0
Mazca,1.0,86.0,4.0,2.0
Mentifisto,1.0,67.0,16.0,9.0
Mfield,1.0,82.0,1.0,4.0
Mifter,1.0,56.0,12.0,3.0
Mikaey,1.0,80.0,26.0,13.0
Mjroots,1.0,98.0,5.0,0.0
Mlaffs,1.0,73.0,3.0,1.0
MLauba,1.0,70.0,1.0,1.0
MrKIA11,1.0,102.0,47.0,12.0
Msgj,1.0,98.0,0.0,2.0
Mufka,1.0,82.0,37.0,9.0
MuZemike,1.0,121.0,7.0,3.0
Nja247,1.0,79.0,23.0,9.0
NuclearWarfare,1.0,185.0,34.0,10.0
OlEnglish,1.0,93.0,5.0,0.0
Orlady,1.0,102.0,33.0,6.0
OverlordQ,1.0,101.0,35.0,8.0
Pastor Theo,1.0,105.0,20.0,7.0
Patar knight,1.0,52.0,7.0,2.0
Paxse,1.0,89.0,3.0,0.0
PeterSymonds,1.0,297.0,16.0,6.0
Plastikspork,1.0,52.0,7.0,6.0
R'n'B,1.0,80.0,2.0,1.0
Rambo's Revenge,1.0,70.0,2.0,1.0
RegentsPark,1.0,70.0,7.0,3.0
Rjanag,1.0,133.0,1.0,1.0
RL0919,1.0,71.0,16.0,5.0
Ronhjones,1.0,88.0,23.0,11.0
Rosiestep,1.0,75.0,2.0,1.0
Runningonbrains,1.0,50.0,5.0,0.0
S@bre,1.0,83.0,1.0,5.0
Shubinator,1.0,100.0,7.0,1.0
Skomorokh,1.0,135.0,14.0,1.0
Sky Harbor,1.0,84.0,0.0,1.0
Smith609,1.0,69.0,22.0,3.0
Someguy1221,1.0,69.0,1.0,1.0
Somno,1.0,93.0,3.0,4.0
SpacemanSpiff,1.0,115.0,9.0,0.0
Spinningspark,1.0,64.0,2.0,1.0
Steve,1.0,115.0,0.0,0.0
Tassedethe,1.0,58.0,5.0,2.0
Tcncv,1.0,90.0,3.0,1.0
Tedder,1.0,66.0,4.0,2.0
ThaddeusB,1.0,117.0,2.0,7.0
The Earwig,1.0,92.0,2.0,0.0
The ed17,1.0,169.0,29.0,19.0
TheDJ,1.0,109.0,36.0,7.0
Tinucherian,1.0,174.0,2.0,1.0
Tnxman307,1.0,126.0,23.0,2.0
Toon05,1.0,54.0,1.0,0.0
Ucucha,1.0,115.0,2.0,2.0
Valley2city,1.0,64.0,1.0,2.0
Vianello,1.0,54.0,9.0,3.0
Wadester16,1.0,123.0,33.0,12.0
WereSpielChequers,1.0,140.0,28.0,9.0
Willking1979,1.0,95.0,38.0,20.0
Wtmitchell,1.0,65.0,1.0,4.0
95jb14,-1.0,4.0,24.0,6.0
A3RO,-1.0,2.0,11.0,1.0
A new name 2008,-1.0,100.0,45.0,9.0
Abce2,-1.0,0.0,7.0,0.0
Accdude92,-1.0,0.0,8.0,0.0
adamfinmo,-1.0,3.0,6.0,5.0
Afaprof01,-1.0,0.0,9.0,0.0
AgentB1,-1.0,0.0,4.0,0.0
Alexander.hugh.george,-1.0,0.0,3.0,0.0
Altruism,-1.0,2.0,6.0,1.0
Amlnet49,-1.0,1.0,5.0,0.0
Andrewmc123,-1.0,3.0,13.0,1.0
andrewrp,-1.0,0.0,4.0,1.0
Ant2387,-1.0,0.0,3.0,0.0
Arbiteroftruth,-1.0,13.0,22.0,8.0
AresAndEnyo,-1.0,2.0,11.0,0.0
AtheWeatherman,-1.0,1.0,4.0,1.0
Audi152,-1.0,1.0,8.0,2.0
Baseball Bugs,-1.0,93.0,82.0,14.0
Basket of Puppies,-1.0,49.0,42.0,18.0
Bazj,-1.0,18.0,20.0,3.0
Bcai388,-1.0,0.0,5.0,0.0
Blakegripling ph,-1.0,10.0,41.0,16.0
Blctc,-1.0,0.0,1.0,0.0
BlueCaper,-1.0,1.0,12.0,0.0
BQZip01,-1.0,132.0,118.0,45.0
chase-mvp,-1.0,0.0,3.0,0.0
ChildofMidnight,-1.0,3.0,39.0,9.0
Chzz,-1.0,61.0,76.0,15.0
CrazyInSane,-1.0,0.0,10.0,1.0
CrossHouses,-1.0,0.0,9.0,0.0
Cryptic C62,-1.0,39.0,34.0,6.0
Cyclonebiskit,-1.0,6.0,17.0,3.0
Cyclonenim,-1.0,72.0,53.0,10.0
DAFMM,-1.0,1.0,7.0,0.0
DaL33T,-1.0,0.0,4.0,0.0
Dalekusa,-1.0,2.0,6.0,3.0
David Beals,-1.0,0.0,4.0,1.0
Dendodge,-1.0,112.0,88.0,15.0
DotComCairney,-1.0,1.0,7.0,0.0
Download,-1.0,45.0,39.0,9.0
Dr. Szląchski,-1.0,1.0,4.0,0.0
Dr.Szląchedzki,-1.0,2.0,12.0,1.0
Einsteinbud,-1.0,1.0,5.0,3.0
Enryū6473,-1.0,0.0,4.0,0.0
Facha93,-1.0,0.0,2.0,1.0
FredSmit,-1.0,1.0,6.0,2.0
ft12,-1.0,0.0,3.0,0.0
Fuzzyhair2,-1.0,0.0,6.0,0.0
Gaelen S.,-1.0,5.0,28.0,5.0
Gaia Octavia Agrippa,-1.0,22.0,28.0,11.0
Giangian15,-1.0,0.0,3.0,5.0
Giants27,-1.0,51.0,26.0,7.0
goalie1998,-1.0,1.0,5.0,1.0
Gordonrox24,-1.0,14.0,37.0,16.0
Graymornings,-1.0,10.0,13.0,4.0
GrooveDog,-1.0,10.0,32.0,19.0
Grsz11,-1.0,38.0,32.0,7.0
HappyCat12,-1.0,2.0,6.0,3.0
Harish89,-1.0,2.0,13.0,7.0
Headbomb,-1.0,88.0,84.0,23.0
Hereford,-1.0,3.0,23.0,3.0
I am watching you,-1.0,0.0,1.0,0.0
I Seek To Help & Repair!,-1.0,1.0,5.0,1.0
Ichwan Palongengi,-1.0,0.0,4.0,1.0
IMatthew,-1.0,148.0,71.0,17.0
ImperatorExercitus,-1.0,61.0,47.0,27.0
ISD,-1.0,7.0,30.0,4.0
Itsmejudith,-1.0,90.0,38.0,3.0
James Frankcom,-1.0,5.0,24.0,11.0
Jfk52917,-1.0,0.0,3.0,0.0
John-joe123,-1.0,0.0,5.0,0.0
Katerenka,-1.0,48.0,43.0,18.0
Kelapstick,-1.0,48.0,8.0,6.0
Koman90,-1.0,0.0,5.0,0.0
kylekieran,-1.0,0.0,6.0,0.0
L07ChLeo3,-1.0,0.0,6.0,0.0
Letsdrinktea,-1.0,11.0,19.0,4.0
Lionelisbest,-1.0,0.0,0.0,1.0
Llampadari,-1.0,0.0,6.0,1.0
LouriePieterse,-1.0,16.0,29.0,3.0
Majorly,-1.0,249.0,93.0,39.0
Manadude2,-1.0,1.0,16.0,1.0
Mario1987,-1.0,1.0,6.0,3.0
Markhurd,-1.0,35.0,28.0,12.0
MathCool10,-1.0,2.0,9.0,1.0
Mayalld,-1.0,29.0,34.0,14.0
MisterWiki,-1.0,0.0,15.0,0.0
Mixwell,-1.0,2.0,6.0,4.0
Mohammad adil,-1.0,0.0,6.0,2.0
Mollymoon,-1.0,2.0,10.0,0.0
Momusufan,-1.0,1.0,10.0,1.0
Mr. moose,-1.0,5.0,13.0,2.0
Mr Tan,-1.0,2.0,9.0,1.0
Mrmewe,-1.0,0.0,1.0,0.0
Mrmuk,-1.0,0.0,2.0,0.0
MyspaceMan12,-1.0,2.0,3.0,0.0
Mythdon,-1.0,1.0,37.0,7.0
Neckername,-1.0,0.0,3.0,0.0
Neurolysis,-1.0,87.0,34.0,7.0
Ojay123,-1.0,1.0,8.0,0.0
Ottava Rima,-1.0,61.0,107.0,17.0
Parker1297,-1.0,0.0,4.0,2.0
Paul2387,-1.0,0.0,11.0,1.0
Policyofmankind,-1.0,0.0,4.0,0.0
Pr3st0n,-1.0,14.0,26.0,8.0
Pyfan,-1.0,27.0,48.0,12.0
Raiku Lucifer Samiyaza,-1.0,0.0,5.0,0.0
RayAYang,-1.0,50.0,35.0,7.0
Raza0007,-1.0,10.0,21.0,9.0
Red Thunder,-1.0,32.0,35.0,9.0
Renaissancee,-1.0,28.0,29.0,15.0
Rockstone35,-1.0,3.0,11.0,0.0
Roux,-1.0,53.0,67.0,10.0
RuleOfThe9th,-1.0,0.0,9.0,0.0
Salavat,-1.0,38.0,22.0,8.0
Schmausschmaus,-1.0,1.0,5.0,0.0
SE7,-1.0,1.0,13.0,0.0
Sebwite,-1.0,13.0,53.0,9.0
Sephiroth storm,-1.0,39.0,34.0,4.0
Shark96z,-1.0,10.0,28.0,3.0
Shoessss,-1.0,34.0,66.0,19.0
Snowded,-1.0,2.0,8.0,1.0
SOPHIAN,-1.0,0.0,2.0,0.0
Steve Crossin,-1.0,43.0,18.0,4.0
Stevedietrich,-1.0,1.0,7.0,2.0
Syjytg,-1.0,2.0,18.0,1.0
Synergy,-1.0,140.0,63.0,11.0
Tango,-1.0,73.0,74.0,16.0
Taymaishu,-1.0,1.0,8.0,1.0
Tdrss,-1.0,1.0,1.0,2.0
Tempodivalse,-1.0,3.0,5.0,2.0
TenPoundHammer,-1.0,458.0,262.0,58.0
Teratornis,-1.0,53.0,31.0,10.0
Texcarson,-1.0,1.0,9.0,0.0
The Black Rabbit of Inlé,-1.0,0.0,1.0,0.0
The C of E,-1.0,0.0,7.0,1.0
The Cool Kat,-1.0,0.0,5.0,0.0
The spesh man,-1.0,0.0,7.0,0.0
The Transhumanist,-1.0,211.0,222.0,43.0
tianhua1993,-1.0,0.0,2.0,0.0
Timmeh,-1.0,143.0,81.0,17.0
TParis00ap,-1.0,47.0,35.0,13.0
TreasuryTag,-1.0,24.0,74.0,18.0
Tsepelcory,-1.0,0.0,4.0,0.0
Tyw7,-1.0,0.0,22.0,2.0
Until It Sleeps,-1.0,74.0,73.0,17.0
Versus22,-1.0,11.0,11.0,1.0
Vicenarian,-1.0,33.0,26.0,10.0
Vitorbraziledit,-1.0,0.0,2.0,0.0
Vivio Testarossa,-1.0,34.0,66.0,0.0
Volvo B9TL,-1.0,0.0,3.0,0.0
VTomi,-1.0,0.0,2.0,0.0
Wael.Mogherbi,-1.0,0.0,4.0,0.0
Wetman88,-1.0,0.0,6.0,0.0
Wikifan798,-1.0,0.0,3.0,0.0
Wwesocks,-1.0,1.0,10.0,0.0
WWEYANKS52,-1.0,13.0,38.0,8.0
Wyatt915,-1.0,1.0,12.0,0.0
Zink Dawg,-1.0,0.0,1.0,1.0
ZooFari,-1.0,24.0,37.0,13.0
^demon,1.0,172.0,63.0,16.0
52 Pickup,1.0,36.0,3.0,1.0
Addshore,1.0,190.0,56.0,25.0
Aervanath,1.0,94.0,35.0,4.0
Aitias,1.0,171.0,51.0,18.0
AKeen,1.0,35.0,2.0,1.0
Ale jrb,1.0,60.0,0.0,2.0
Aleta,1.0,73.0,3.0,1.0
Alex.muller,1.0,50.0,9.0,5.0
Alexf,1.0,40.0,9.0,6.0
Ameliorate!,1.0,83.0,1.0,5.0
AngelOfSadness,1.0,81.0,0.0,1.0
AniMate,1.0,82.0,1.0,3.0
Appraiser,1.0,41.0,1.0,1.0
Aqwis,1.0,49.0,3.0,4.0
Archtransit,1.0,53.0,0.0,0.0
Barneca,1.0,102.0,17.0,0.0
Bedford,1.0,82.0,4.0,5.0
Ben MacDui,1.0,90.0,2.0,0.0
Berig,1.0,109.0,45.0,15.0
Bigtimepeace,1.0,89.0,0.0,2.0
BirgitteSB,1.0,124.0,14.0,12.0
Bjweeks,1.0,94.0,19.0,5.0
Blueboy96,1.0,74.0,28.0,5.0
Buckshot06,1.0,77.0,2.0,2.0
Cailil,1.0,66.0,8.0,5.0
Camaron1,1.0,47.0,3.0,0.0
Canley,1.0,62.0,0.0,0.0
CapitalR,1.0,86.0,6.0,1.0
Cbl62,1.0,72.0,4.0,8.0
Cenarium,1.0,42.0,2.0,2.0
Chetblong,1.0,33.0,16.0,9.0
Choess,1.0,77.0,8.0,5.0
CIreland,1.0,35.0,1.0,0.0
Cirt,1.0,166.0,43.0,7.0
Ckatz,1.0,55.0,0.0,0.0
Cobaltbluetony,1.0,87.0,3.0,3.0
Daniel J. Leivick,1.0,60.0,3.0,4.0
Dank55,1.0,92.0,1.0,1.0
Davidgothberg,1.0,73.0,1.0,2.0
DDima,1.0,42.0,0.0,0.0
Ddstretch,1.0,85.0,0.0,1.0
Deacon of Pndapetzim,1.0,73.0,23.0,1.0
DeadEyeArrow,1.0,81.0,7.0,0.0
Discospinster,1.0,70.0,1.0,1.0
Djsasso,1.0,46.0,1.0,0.0
Doczilla,1.0,92.0,1.0,1.0
Doug,1.0,82.0,0.0,0.0
Dougweller,1.0,101.0,0.0,2.0
Dravecky,1.0,66.0,0.0,1.0
EdJohnston,1.0,53.0,0.0,0.0
Efe,1.0,80.0,5.0,6.0
EncMstr,1.0,31.0,1.0,0.0
Epbr123,1.0,228.0,30.0,6.0
Esanchez7587,1.0,33.0,0.0,1.0
Euryalus,1.0,96.0,0.0,2.0
EyeSerene,1.0,85.0,1.0,2.0
Firefoxman,1.0,84.0,17.0,5.0
Frank,1.0,59.0,11.0,4.0
Fritzpoll,1.0,69.0,10.0,3.0
G.A.S,1.0,58.0,2.0,0.0
Gadget850,1.0,67.0,0.0,0.0
Gatoclass,1.0,127.0,7.0,1.0
Gazimoff,1.0,119.0,5.0,4.0
Gb,1.0,50.0,4.0,2.0
Gladys j cortez,1.0,83.0,22.0,3.0
Gonzo fan2007,1.0,37.0,0.0,0.0
Good Olfactory,1.0,82.0,3.0,3.0
GrahamColm,1.0,129.0,7.0,2.0
Gutza,1.0,42.0,0.0,1.0
Gwen Gale,1.0,136.0,39.0,5.0
Happy-melon,1.0,74.0,2.0,0.0
Happyme22,1.0,87.0,14.0,6.0
Hdt83,1.0,165.0,86.0,29.0
Hersfold,1.0,113.0,27.0,18.0
Horologium,1.0,100.0,0.0,0.0
Huntster,1.0,92.0,0.0,0.0
Hurricanehink,1.0,93.0,5.0,3.0
Ice Cold Beer,1.0,104.0,4.0,1.0
Icestorm815,1.0,40.0,13.0,4.0
Icewedge,1.0,91.0,18.0,8.0
Islander,1.0,56.0,3.0,1.0
It Is Me Here,1.0,99.0,23.0,18.0
J-stan,1.0,84.0,2.0,0.0
J.delanoy,1.0,142.0,18.0,6.0
J Greb,1.0,41.0,1.0,3.0
Jac16888,1.0,64.0,0.0,0.0
Jauerback,1.0,38.0,0.0,0.0
Jayron32,1.0,73.0,0.0,0.0
Jbmurray,1.0,161.0,1.0,2.0
Jclemens,1.0,77.0,2.0,0.0
Jeepday,1.0,45.0,9.0,7.0
JGHowes,1.0,82.0,3.0,1.0
John Carter,1.0,146.0,0.0,1.0
Jonny-mt,1.0,80.0,0.0,0.0
JPG-GR,1.0,96.0,2.0,1.0
Juliancolton,1.0,158.0,13.0,3.0
Jza84,1.0,83.0,4.0,2.0
Kakofonous,1.0,88.0,11.0,5.0
Karanacs,1.0,119.0,4.0,3.0
Kbthompson,1.0,45.0,0.0,0.0
Keeper76,1.0,44.0,1.0,2.0
Keilana,1.0,133.0,8.0,10.0
Kevin,1.0,54.0,2.0,0.0
Kim Dent-Brown,1.0,68.0,0.0,0.0
KnightLago,1.0,93.0,0.0,0.0
L'Aquatique,1.0,87.0,9.0,4.0
Lankiveil,1.0,94.0,2.0,0.0
LAX,1.0,45.0,1.0,1.0
Lazulilasher,1.0,61.0,0.0,0.0
Lenticel,1.0,64.0,0.0,1.0
Lifebaka,1.0,74.0,1.0,2.0
Lomn,1.0,54.0,1.0,1.0
Lquilter,1.0,72.0,3.0,0.0
lustiger seth,1.0,151.0,46.0,9.0
Magioladitis,1.0,85.0,23.0,11.0
Malcolmxl5,1.0,58.0,4.0,1.0
Malinaccier,1.0,43.0,0.0,1.0
Martijn Hoekstra,1.0,72.0,1.0,7.0
Master of Puppets,1.0,221.0,39.0,11.0
Matthewedwards,1.0,66.0,8.0,4.0
MBisanz,1.0,58.0,0.0,2.0
MBK004,1.0,37.0,2.0,2.0
Melesse,1.0,59.0,9.0,6.0
MilborneOne,1.0,73.0,2.0,2.0
Mitchazenia,1.0,55.0,6.0,2.0
Mizu onna sango15,1.0,90.0,9.0,2.0
Moni3,1.0,144.0,34.0,11.0
Nancy,1.0,61.0,0.0,0.0
Nousernamesleft,1.0,47.0,3.0,0.0
OhanaUnited,1.0,130.0,21.0,7.0
Okiefromokla,1.0,64.0,3.0,3.0
Parsecboy,1.0,63.0,1.0,0.0
Paul Erik,1.0,83.0,1.0,1.0
Pb30,1.0,33.0,3.0,0.0
Pegship,1.0,87.0,0.0,3.0
Peripitus,1.0,92.0,0.0,0.0
Peteforsyth,1.0,59.0,9.0,5.0
Philosopher,1.0,92.0,20.0,2.0
Pinkville,1.0,54.0,0.0,1.0
Poeloq,1.0,52.0,21.0,4.0
Protonk,1.0,114.0,8.0,3.0
R. Baley,1.0,81.0,7.0,4.0
Remember the dot,1.0,133.0,24.0,4.0
Risker,1.0,128.0,10.0,9.0
Rjd0060,1.0,68.0,10.0,10.0
Rodhullandemu,1.0,68.0,1.0,7.0
Roger Davies,1.0,83.0,0.0,0.0
Rudget,1.0,152.0,27.0,4.0
Ruslik0,1.0,64.0,1.0,1.0
Sabine's Sunbird,1.0,99.0,3.0,4.0
Sarcasticidealist,1.0,52.0,0.0,0.0
Scarian,1.0,116.0,0.0,0.0
Scott5114,1.0,78.0,13.0,6.0
Seddon,1.0,83.0,1.0,1.0
Seicer,1.0,104.0,18.0,1.0
Sephiroth BCR,1.0,64.0,1.0,2.0
Seraphim Whipp,1.0,91.0,1.0,1.0
Seresin,1.0,72.0,18.0,1.0
Sgeureka,1.0,92.0,19.0,2.0
SheffieldSteel,1.0,115.0,5.0,6.0
shoeofdeath,1.0,61.0,22.0,13.0
SilkTork,1.0,72.0,7.0,4.0
Slp1,1.0,73.0,0.0,1.0
Smalljim,1.0,26.0,0.0,1.0
Smashville,1.0,71.0,14.0,5.0
SorryGuy,1.0,83.0,13.0,6.0
SoWhy,1.0,123.0,15.0,8.0
Soxred93,1.0,110.0,43.0,28.0
Spencer,1.0,90.0,1.0,0.0
StephenBuxton,1.0,56.0,3.0,2.0
Steven Fruitsmaak,1.0,73.0,6.0,4.0
Stwalkerster,1.0,120.0,29.0,11.0
Tadakuni,1.0,51.0,19.0,5.0
Tanner-Christopher,1.0,83.0,14.0,8.0
Tanthalas39,1.0,127.0,30.0,10.0
thedemonhog,1.0,100.0,1.0,1.0
Thehelpfulone,1.0,112.0,4.0,5.0
Thingg,1.0,180.0,32.0,4.0
Tiptoety,1.0,112.0,44.0,17.0
Tivedshambo,1.0,56.0,1.0,1.0
Toddst1,1.0,42.0,0.0,0.0
TomStar81,1.0,128.0,47.0,12.0
Travellingcari,1.0,90.0,2.0,4.0
TravisTX,1.0,46.0,1.0,3.0
Ultraexactzz,1.0,44.0,6.0,1.0
VanTucky,1.0,277.0,51.0,12.0
Victuallers,1.0,60.0,0.0,0.0
WBOSITG,1.0,114.0,10.0,4.0
Wehwalt,1.0,94.0,24.0,3.0
Werdna,1.0,410.0,113.0,17.0
WilliamH,1.0,96.0,0.0,1.0
Xavexgoem,1.0,57.0,3.0,1.0
Xenocidic,1.0,72.0,13.0,2.0
Xymmax,1.0,56.0,7.0,2.0
Ynhockey,1.0,109.0,46.0,17.0
Zedla,1.0,38.0,15.0,2.0
Zeibura,1.0,34.0,0.0,0.0
21655,-1.0,4.0,18.0,2.0
A Cool Editor,-1.0,0.0,2.0,0.0
AaronSchell,-1.0,0.0,1.0,0.0
Abd,-1.0,24.0,40.0,13.0
ACBest,-1.0,3.0,21.0,5.0
AdirondackMan,-1.0,0.0,4.0,1.0
Adolphus79,-1.0,55.0,29.0,8.0
Alan De Smet,-1.0,6.0,25.0,9.0
AlanH,-1.0,1.0,3.0,1.0
AlbertHerring,-1.0,2.0,5.0,1.0
Ali'i,-1.0,70.0,55.0,14.0
Ammar gerrard117,-1.0,0.0,3.0,0.0
Anon126,-1.0,2.0,14.0,4.0
Arienh4,-1.0,1.0,5.0,2.0
Asenine,-1.0,6.0,27.0,6.0
Autocracy,-1.0,7.0,18.0,8.0
Avruch,-1.0,104.0,35.0,10.0
Basketball110,-1.0,1.0,7.0,1.0
bassman91,-1.0,0.0,3.0,0.0
Benjah-bmm27,-1.0,78.0,30.0,6.0
Bigvinu,-1.0,0.0,7.0,0.0
Billy,-1.0,7.0,35.0,10.0
Biruitorul,-1.0,109.0,53.0,17.0
Bjaco18,-1.0,0.0,4.0,0.0
Bluegoblin7,-1.0,6.0,13.0,10.0
Blueking12,-1.0,0.0,6.0,0.0
BMWSAAB,-1.0,0.0,1.0,0.0
Borgarde,-1.0,2.0,3.0,0.0
Brianreading,-1.0,1.0,8.0,1.0
BritandBeyonce,-1.0,25.0,18.0,6.0
Bugalugs13,-1.0,0.0,2.0,1.0
Burhan Ahmed,-1.0,0.0,6.0,1.0
Camaeron,-1.0,2.0,12.0,0.0
Carter,-1.0,7.0,25.0,6.0
Cedarvale1965-08,-1.0,0.0,2.0,0.0
Certified.Gangsta,-1.0,1.0,7.0,0.0
ChuckCoke,-1.0,1.0,7.0,0.0
CJ2005B,-1.0,0.0,7.0,0.0
Clpo13,-1.0,13.0,13.0,10.0
CompuHacker,-1.0,1.0,7.0,0.0
ComputerGuy890100,-1.0,0.0,6.0,0.0
Conker01,-1.0,0.0,4.0,0.0
Coppertwig,-1.0,68.0,44.0,18.0
Cosmic Latte,-1.0,3.0,15.0,3.0
Crash Underride,-1.0,1.0,13.0,3.0
Cream,-1.0,0.0,12.0,1.0
crimsonterminator1000,-1.0,0.0,2.0,0.0
Cssiitcic,-1.0,1.0,3.0,1.0
Cubs Fan,-1.0,5.0,10.0,5.0
CWii,-1.0,8.0,17.0,7.0
CWY2190,-1.0,54.0,18.0,7.0
D-Day,-1.0,9.0,25.0,4.0
"Dagoth Ur, Mad God",-1.0,0.0,4.0,0.0
Danielaustinhall12,-1.0,3.0,9.0,3.0
Danielfolsom,-1.0,49.0,41.0,26.0
Darth Mike,-1.0,7.0,16.0,7.0
Davnel03,-1.0,9.0,50.0,12.0
Dell970,-1.0,0.0,10.0,2.0
Derfboy,-1.0,0.0,5.0,0.0
Desalvionjr,-1.0,0.0,14.0,0.0
Dihydrogen Monoxide,-1.0,130.0,103.0,34.0
Dpshuler,-1.0,0.0,7.0,1.0
Dreamafter,-1.0,24.0,25.0,1.0
Dustihowe,-1.0,2.0,10.0,4.0
Dycedarg,-1.0,14.0,8.0,13.0
Dylant07,-1.0,1.0,2.0,0.0
Earthbendingmaster,-1.0,1.0,2.0,1.0
Eastlaw,-1.0,18.0,14.0,2.0
EclipseSSD,-1.0,21.0,32.0,12.0
Ecoleetage,-1.0,87.0,20.0,4.0
Ed Poor,-1.0,47.0,93.0,14.0
Elbutler,-1.0,2.0,7.0,1.0
EricV89,-1.0,13.0,43.0,9.0
Erik the Red 2,-1.0,0.0,4.0,0.0
ESCStudent774441,-1.0,0.0,10.0,0.0
Etan,-1.0,0.0,1.0,0.0
EvilWendyMan,-1.0,3.0,17.0,4.0
Fatal!ty,-1.0,0.0,5.0,1.0
Fercho85,-1.0,1.0,5.0,0.0
Fifaworld07,-1.0,0.0,9.0,1.0
Finalnight,-1.0,51.0,22.0,4.0
Floaterfluss,-1.0,2.0,14.0,0.0
Footballfan190 2,-1.0,1.0,9.0,0.0
Footballfan190,-1.0,0.0,9.0,0.0
Footballfan190 4,-1.0,0.0,5.0,0.0
Fordmadoxfraud,-1.0,67.0,28.0,5.0
George The Dragon,-1.0,11.0,16.0,5.0
GO-PCHS-NJROTC,-1.0,1.0,10.0,3.0
Golich17,-1.0,19.0,36.0,11.0
goodandhonestwhig,-1.0,0.0,2.0,0.0
Goodnight123,-1.0,0.0,3.0,0.0
Grey Wanderer,-1.0,10.0,16.0,7.0
gromlakh,-1.0,17.0,14.0,7.0
Gtstricky,-1.0,37.0,24.0,6.0
Guest9999,-1.0,48.0,31.0,4.0
Gwynand,-1.0,51.0,20.0,8.0
HalfShadow,-1.0,14.0,19.0,3.0
Helpfulweasal,-1.0,1.0,7.0,0.0
"Hennessey, Patrick",-1.0,4.0,8.0,5.0
Highfields,-1.0,0.0,10.0,1.0
HisSpaceResearch,-1.0,53.0,40.0,12.0
HK22,-1.0,0.0,3.0,0.0
hockeypuck990,-1.0,0.0,4.0,0.0
How do you turn this on,-1.0,0.0,6.0,1.0
HPJoker,-1.0,0.0,11.0,0.0
Hyano czespony,-1.0,4.0,15.0,2.0
i123Pie,-1.0,0.0,4.0,0.0
Iamawesome800,-1.0,1.0,8.0,2.0
Ilyushka88,-1.0,3.0,15.0,1.0
Imperial Star Destroyer,-1.0,0.0,2.0,0.0
InDeBiz1,-1.0,5.0,15.0,2.0
"Inferno, Lord of Penguins",-1.0,0.0,3.0,0.0
Islaammaged126,-1.0,2.0,10.0,2.0
Izzy007,-1.0,25.0,36.0,15.0
Jagun,-1.0,0.0,5.0,0.0
Jamesontai,-1.0,77.0,53.0,20.0
JayJ47,-1.0,1.0,4.0,1.0
JeanLatore,-1.0,0.0,18.0,1.0
Jet,-1.0,3.0,26.0,2.0
John254,-1.0,21.0,22.0,5.0
Johnnyjoe23,-1.0,0.0,5.0,0.0
Jordan Payne,-1.0,0.0,12.0,0.0
Joseph Solis in Australia,-1.0,1.0,9.0,1.0
Joshuarooney,-1.0,0.0,5.0,0.0
Jouster,-1.0,22.0,37.0,8.0
JRH95,-1.0,0.0,5.0,0.0
Juggernaut0102,-1.0,1.0,20.0,2.0
Jupiter Optimus Maximus,-1.0,3.0,15.0,3.0
Justin Eiler,-1.0,1.0,5.0,0.0
K50 Dude,-1.0,5.0,5.0,1.0
Kalajan,-1.0,1.0,4.0,0.0
Kefo77,-1.0,1.0,3.0,1.0
Kerotan,-1.0,7.0,7.0,0.0
Kinderboy,-1.0,2.0,7.0,1.0
Kourosh ziabari,-1.0,0.0,8.0,1.0
Krm500,-1.0,48.0,21.0,6.0
Kubek15,-1.0,2.0,10.0,1.0
LAAFan,-1.0,4.0,13.0,0.0
Lady Aleena,-1.0,94.0,66.0,16.0
Latics,-1.0,10.0,14.0,6.0
Lawrence Cohen,-1.0,120.0,47.0,13.0
Leolisa1997,-1.0,0.0,5.0,0.0
Llamadog903,-1.0,5.0,13.0,4.0
Londonfella,-1.0,2.0,5.0,5.0
Madviolinist,-1.0,0.0,4.0,1.0
Malleus Fatuarum,-1.0,65.0,51.0,11.0
Mark t young,-1.0,53.0,20.0,3.0
Masterpiece2000,-1.0,10.0,19.0,3.0
Mastrchf91,-1.0,23.0,18.0,3.0
matt037291,-1.0,1.0,0.0,0.0
Maverick Leonhart,-1.0,0.0,6.0,0.0
MHLU,-1.0,2.0,8.0,1.0
Milk's Favorite Cookie,-1.0,144.0,98.0,23.0
Mind meal,-1.0,19.0,16.0,10.0
Morbidthoughts,-1.0,14.0,28.0,10.0
Morhange,-1.0,41.0,27.0,10.0
Mr. IP,-1.0,19.0,45.0,9.0
mr kc,-1.0,2.0,7.0,2.0
Mr Senseless,-1.0,1.0,4.0,1.0
MrFish,-1.0,15.0,16.0,1.0
Mvjs,-1.0,29.0,18.0,10.0
Mww113,-1.0,0.0,5.0,1.0
MyNameIsKyle,-1.0,0.0,6.0,1.0
Naerii,-1.0,35.0,50.0,17.0
NASCAR Fan24,-1.0,42.0,21.0,10.0
nassir49,-1.0,1.0,3.0,1.0
Natl1,-1.0,31.0,32.0,17.0
Nick carson,-1.0,5.0,11.0,3.0
NitrogenTSRH,-1.0,0.0,4.0,0.0
No1lakersfan,-1.0,12.0,37.0,7.0
NonvocalScream,-1.0,14.0,46.0,8.0
norge0209,-1.0,0.0,6.0,0.0
NorthernThunder,-1.0,6.0,12.0,3.0
Nothing444,-1.0,0.0,6.0,1.0
Nwwaew,-1.0,1.0,5.0,4.0
O Keyes,-1.0,2.0,16.0,0.0
Obaidz96,-1.0,0.0,5.0,0.0
Ohmpandya,-1.0,14.0,35.0,11.0
Olz06,-1.0,0.0,9.0,0.0
Ozzaroni,-1.0,0.0,3.0,0.0
Paste,-1.0,5.0,18.0,5.0
PastorMatt,-1.0,4.0,9.0,2.0
Pathfinder2006,-1.0,0.0,5.0,3.0
Pattav2,-1.0,0.0,2.0,1.0
paulyb,-1.0,0.0,4.0,0.0
PeeJay2K3,-1.0,5.0,22.0,4.0
Plasticup,-1.0,27.0,31.0,16.0
Plyhmrp,-1.0,0.0,4.0,0.0
PoinDexta1,-1.0,0.0,4.0,1.0
Pookeo9,-1.0,1.0,10.0,0.0
Prashanthns,-1.0,5.0,12.0,2.0
Pumpmeup,-1.0,0.0,7.0,0.0
Qaddosh,-1.0,3.0,12.0,0.0
R,-1.0,159.0,94.0,22.0
Raggonix,-1.0,0.0,5.0,0.0
Rappingwonders,-1.0,2.0,10.0,0.0
RC-0722,-1.0,0.0,14.0,4.0
readeww,-1.0,0.0,4.0,0.0
Realist2,-1.0,17.0,5.0,0.0
Red Phoenix,-1.0,13.0,7.0,2.0
Redfarmer,-1.0,27.0,19.0,13.0
Redmarkviolinist,-1.0,13.0,44.0,6.0
RFerreira,-1.0,0.0,7.0,1.0
Rgoodermote,-1.0,8.0,26.0,6.0
Richard0612,-1.0,2.0,6.0,4.0
rio de oro,-1.0,2.0,7.0,3.0
RMHED,-1.0,52.0,81.0,15.0
Ro098,-1.0,2.0,3.0,0.0
robfergusonjr,-1.0,0.0,5.0,2.0
Ryan,-1.0,17.0,36.0,2.0
RyanLupin,-1.0,43.0,50.0,8.0
RyRy,-1.0,14.0,13.0,2.0
Save the Humans,-1.0,1.0,6.0,0.0
Sceptre,-1.0,100.0,52.0,10.0
Scetoaux,-1.0,38.0,32.0,12.0
SchfiftyThree,-1.0,35.0,14.0,11.0
Scienceman123,-1.0,0.0,8.0,0.0
SeanMD80,-1.0,2.0,2.0,0.0
Sethdoe92,-1.0,0.0,7.0,0.0
Sfd1905,-1.0,0.0,2.0,0.0
Shapiros10,-1.0,1.0,14.0,0.0
Sharkface217,-1.0,28.0,42.0,15.0
Shoemaker's Holiday,-1.0,4.0,9.0,2.0
SimpsonsFan08,-1.0,0.0,10.0,0.0
Skyler13,-1.0,0.0,1.0,0.0
Slgrandson,-1.0,76.0,47.0,13.0
Snocrates,-1.0,19.0,17.0,0.0
Sock's Favorite Puppet,-1.0,1.0,8.0,2.0
StephenHjellum13,-1.0,1.0,18.0,0.0
StewieGriffin!,-1.0,0.0,6.0,0.0
Stormtracker94,-1.0,35.0,59.0,10.0
Strennman,-1.0,0.0,6.0,0.0
Suntag,-1.0,71.0,38.0,8.0
SynergeticMaggot,-1.0,51.0,44.0,8.0
Termer,-1.0,13.0,34.0,7.0
Textbook,-1.0,0.0,6.0,0.0
Tharnton345,-1.0,0.0,4.0,0.0
The Great Editor In Chief,-1.0,0.0,5.0,0.0
TheBlazikenMaster,-1.0,0.0,1.0,2.0
TheNewPhobia,-1.0,0.0,4.0,0.0
Thfrang,-1.0,0.0,11.0,1.0
ThinkBlue,-1.0,16.0,21.0,2.0
TimothyJacobson,-1.0,0.0,6.0,0.0
Tinkleheimer,-1.0,15.0,16.0,8.0
Tkgd2007,-1.0,1.0,4.0,1.0
Toyotaboy95,-1.0,4.0,15.0,2.0
Trampikey,-1.0,20.0,49.0,8.0
Treelo,-1.0,0.0,8.0,2.0
Trillio,-1.0,0.0,2.0,0.0
Triwbe,-1.0,9.0,7.0,10.0
Tutthoth-Ankhre,-1.0,0.0,4.0,0.0
Two-face Jackie,-1.0,2.0,7.0,4.0
Undead warrior,-1.0,45.0,49.0,8.0
Unisouth,-1.0,0.0,11.0,5.0
Unknownquinones,-1.0,0.0,1.0,0.0
Urban Rose,-1.0,1.0,8.0,1.0
UserDœ,-1.0,4.0,12.0,2.0
Vikrant Phadkay,-1.0,2.0,10.0,3.0
Vishnava,-1.0,26.0,5.0,2.0
VivioFateFan,-1.0,11.0,27.0,12.0
WarthogDemon,-1.0,61.0,24.0,3.0
WeBuriedOurSecretsInTheGarden,-1.0,11.0,22.0,6.0
Wikidudeman,-1.0,154.0,56.0,5.0
Wikieditor222,-1.0,0.0,6.0,0.0
Wisdom89,-1.0,141.0,78.0,25.0
wolfpawz,-1.0,3.0,6.0,1.0
WWEFAN99,-1.0,1.0,6.0,0.0
Xp54321,-1.0,0.0,6.0,0.0
zeuspitar,-1.0,1.0,2.0,0.0
Zginder,-1.0,8.0,34.0,9.0
Ziggy Sawdust,-1.0,1.0,10.0,1.0
@pple,1.0,62.0,1.0,3.0
A. B.,1.0,86.0,0.0,0.0
AA,1.0,42.0,7.0,1.0
Aarktica,1.0,44.0,1.0,1.0
Acalamari,1.0,144.0,29.0,15.0
Accounting4Taste,1.0,47.0,1.0,0.0
Acroterion,1.0,44.0,0.0,0.0
Adam Cuerden,1.0,66.0,8.0,7.0
Adambro,1.0,44.0,3.0,0.0
Addhoc,1.0,58.0,1.0,1.0
After Midnight,1.0,70.0,0.0,0.0
AGK,1.0,65.0,13.0,2.0
Ais523,1.0,65.0,0.0,1.0
Akhilleus,1.0,63.0,2.0,0.0
Akradecki,1.0,42.0,0.0,1.0
Alasdair,1.0,48.0,0.0,0.0
Alex valavanis,1.0,55.0,0.0,0.0
Alison,1.0,92.0,1.0,2.0
AliveFreeHappy,1.0,44.0,1.0,2.0
Alvestrand,1.0,27.0,0.0,0.0
Amire80,1.0,25.0,4.0,1.0
Anas Salloum,1.0,49.0,0.0,0.0
AndonicO,1.0,86.0,8.0,5.0
Andrew c,1.0,61.0,1.0,0.0
Andrwsc,1.0,43.0,7.0,1.0
AnemoneProjectors,1.0,46.0,0.0,1.0
Anetode,1.0,41.0,0.0,0.0
Angelo.romano,1.0,47.0,0.0,0.0
Angusmclellan,1.0,84.0,0.0,1.0
Anonymous Dissident,1.0,168.0,9.0,5.0
Anthony.bradbury,1.0,144.0,22.0,16.0
Anthony Appleyard,1.0,90.0,21.0,12.0
AQu01rius,1.0,53.0,1.0,0.0
Arctic.gnome,1.0,36.0,1.0,1.0
Arjun01,1.0,111.0,1.0,2.0
Arkyan2,1.0,79.0,3.0,2.0
ArnoldReinhold,1.0,22.0,0.0,0.0
Athaenara,1.0,50.0,8.0,0.0
AuburnPilot,1.0,78.0,1.0,1.0
Audacity,1.0,39.0,0.0,0.0
Awiseman,1.0,44.0,0.0,1.0
AzaToth,1.0,118.0,48.0,22.0
Balloonman,1.0,67.0,3.0,4.0
Bduke,1.0,93.0,0.0,0.0
Bearian,1.0,63.0,1.0,0.0
Beetstra,1.0,57.0,0.0,0.0
Bencherlite,1.0,35.0,0.0,0.0
Bibliomaniac15,1.0,79.0,0.0,1.0
BigDT,1.0,82.0,22.0,6.0
BigHaz,1.0,48.0,0.0,0.0
BigrTex,1.0,39.0,1.0,0.0
Bjelleklang,1.0,45.0,7.0,10.0
Bkell,1.0,34.0,0.0,0.0
Black Falcon,1.0,82.0,1.0,0.0
Blood Red Sandman,1.0,60.0,0.0,0.0
Bobak,1.0,62.0,0.0,1.0
Bongwarrior,1.0,58.0,6.0,1.0
BozMo,1.0,50.0,14.0,9.0
BradBeattie,1.0,61.0,6.0,5.0
BrendelSignature,1.0,38.0,0.0,0.0
Brian New Zealand,1.0,113.0,29.0,11.0
Brianga,1.0,30.0,1.0,1.0
Bubba hotep,1.0,72.0,0.0,0.0
Butseriouslyfolks,1.0,66.0,15.0,1.0
C.Fred,1.0,32.0,0.0,0.0
Caknuck,1.0,41.0,0.0,0.0
Calliopejen1,1.0,45.0,2.0,1.0
Canadian Paul,1.0,47.0,0.0,1.0
Carabinieri,1.0,54.0,4.0,0.0
Carcharoth,1.0,147.0,0.0,0.0
Caribbean H.Q.,1.0,51.0,0.0,1.0
Carioca,1.0,31.0,4.0,1.0
Carlosguitar,1.0,29.0,1.0,3.0
carlossuarez46,1.0,57.0,3.0,0.0
Casliber,1.0,49.0,0.0,0.0
CattleGirl,1.0,58.0,1.0,1.0
"Chase me ladies, I'm the Cavalry",1.0,98.0,2.0,0.0
Chochopk,1.0,49.0,12.0,3.0
Chris G,1.0,66.0,7.0,2.0
Chrislk02,1.0,80.0,23.0,20.0
ChrisTheDude,1.0,34.0,0.0,0.0
Christopher Parham,1.0,65.0,4.0,5.0
Chunky Rice,1.0,38.0,7.0,5.0
Citicat,1.0,20.0,5.0,4.0
CJLL Wright,1.0,46.0,4.0,3.0
Ck lostsword,1.0,40.0,2.0,1.0
CloudNine,1.0,76.0,0.0,0.0
CMummert,1.0,48.0,7.0,1.0
Coelacan,1.0,118.0,1.0,2.0
Coren,1.0,72.0,19.0,4.0
Crazytales,1.0,46.0,7.0,5.0
Cremepuff222,1.0,84.0,2.0,0.0
Croat Canuck,1.0,43.0,5.0,3.0
Crum375,1.0,88.0,4.0,1.0
Cuchullain,1.0,61.0,1.0,1.0
Danaman5,1.0,26.0,1.0,3.0
Daniel Case,1.0,40.0,5.0,3.0
DanMS,1.0,38.0,0.0,0.0
Danny,1.0,16.0,0.0,0.0
DarkFalls,1.0,70.0,4.0,0.0
Darthgriz98,1.0,50.0,0.0,0.0
Davewild,1.0,38.0,0.0,0.0
David D.,1.0,52.0,0.0,0.0
David Eppstein,1.0,87.0,0.0,0.0
David Fuchs,1.0,65.0,0.0,0.0
Dekimasu,1.0,43.0,0.0,0.0
Delldot,1.0,65.0,0.0,0.0
DerHexer,1.0,108.0,7.0,5.0
Deryck Chan,1.0,62.0,12.0,12.0
Dfrg.msc,1.0,134.0,26.0,10.0
DGG,1.0,111.0,1.0,1.0
Dgies,1.0,75.0,1.0,1.0
Dlohcierekim,1.0,72.0,5.0,1.0
DMacks,1.0,39.0,0.0,0.0
DO11.10,1.0,47.0,1.0,0.0
DoomsDay349,1.0,40.0,12.0,7.0
Dppowell,1.0,37.0,7.0,2.0
Dreadstar,1.0,55.0,15.0,1.0
DrKiernan,1.0,75.0,24.0,11.0
Dweller,1.0,108.0,0.0,0.0
E,1.0,104.0,44.0,17.0
east718,1.0,56.0,1.0,1.0
Edison,1.0,60.0,0.0,0.0
Edokter,1.0,26.0,3.0,1.0
Eleassar,1.0,42.0,0.0,0.0
EliminatorJR,1.0,58.0,3.0,2.0
ElinorD,1.0,108.0,1.0,0.0
Eliz81,1.0,62.0,0.0,0.0
Elkman,1.0,61.0,2.0,1.0
Elonka,1.0,420.0,180.0,28.0
Eluchil404,1.0,84.0,22.0,9.0
Emperor,1.0,34.0,1.0,0.0
EncycloPetey,1.0,53.0,0.0,1.0
Ericorbit,1.0,51.0,18.0,2.0
Espresso Addict,1.0,60.0,0.0,1.0
Esprit15d,1.0,44.0,1.0,0.0
Ev,1.0,38.0,2.0,0.0
Evilclown93,1.0,77.0,0.0,6.0
Eyrian,1.0,40.0,8.0,11.0
Fabrictramp,1.0,50.0,1.0,1.0
Faithlessthewonderboy,1.0,53.0,3.0,2.0
Feydey,1.0,46.0,4.0,7.0
FisherQueen,1.0,99.0,17.0,6.0
Fishhead64,1.0,47.0,3.0,2.0
Flyguy649,1.0,89.0,0.0,0.0
Fram,1.0,55.0,0.0,0.0
FT2,1.0,92.0,24.0,23.0
Fuhghettaboutit,1.0,73.0,4.0,0.0
Fvasconcellos,1.0,76.0,0.0,1.0
Gaius Cornelius,1.0,38.0,1.0,0.0
Garion96,1.0,53.0,0.0,1.0
GDonato,1.0,46.0,1.0,0.0
Geniac,1.0,28.0,3.0,4.0
Geometry guy,1.0,71.0,3.0,0.0
Georgewilliamherbert,1.0,151.0,37.0,10.0
Gilliam,1.0,54.0,13.0,11.0
Gimmetrow,1.0,68.0,8.0,0.0
GlassCobra,1.0,61.0,3.0,1.0
Goodnightmush,1.0,34.0,0.0,0.0
Graham87,1.0,67.0,0.0,0.0
Grant65,1.0,54.0,0.0,0.0
Greeves,1.0,45.0,4.0,6.0
Haemo,1.0,115.0,2.0,1.0
Harryboyles,1.0,25.0,1.0,2.0
Hbdragon88,1.0,51.0,1.0,0.0
Heimstern,1.0,61.0,0.0,2.0
Heligoland,1.0,123.0,21.0,10.0
Hemlock Martinis,1.0,42.0,15.0,3.0
Henrik,1.0,39.0,1.0,1.0
Herbythyme,1.0,88.0,0.0,1.0
Hex,1.0,122.0,95.0,28.0
Hiberniantears,1.0,75.0,10.0,6.0
"Hit bull, win steak",1.0,128.0,0.0,1.0
Hu12,1.0,51.0,15.0,3.0
Hut 8.5,1.0,64.0,0.0,0.0
Ikiroid,1.0,100.0,38.0,28.0
Ioeth,1.0,40.0,1.0,3.0
Iridescent,1.0,83.0,1.0,0.0
Irishguy,1.0,79.0,0.0,1.0
Isotope23,1.0,83.0,0.0,0.0
J Milburn,1.0,56.0,17.0,8.0
James086,1.0,47.0,0.0,0.0
Jaranda (reconfirmation),1.0,82.0,17.0,3.0
Jayvdb,1.0,54.0,0.0,0.0
Jehochman,1.0,74.0,3.0,7.0
Jerry,1.0,30.0,1.0,2.0
Jersey Devil,1.0,112.0,35.0,13.0
Jersyko,1.0,90.0,1.0,1.0
Jesse Viviano,1.0,53.0,1.0,1.0
JForget,1.0,81.0,14.0,10.0
JHunterJ,1.0,38.0,0.0,0.0
Jj137,1.0,44.0,4.0,3.0
Jmlk17,1.0,41.0,2.0,0.0
JodyB,1.0,44.0,9.0,8.0
Jogers,1.0,43.0,9.0,4.0
John Reaves,1.0,56.0,5.0,5.0
Jon513,1.0,41.0,2.0,0.0
Jreferee,1.0,146.0,24.0,8.0
Kafziel,1.0,181.0,33.0,13.0
Kaiser matias,1.0,30.0,3.0,2.0
Kane5187,1.0,39.0,0.0,0.0
Kathryn NicDhàna,1.0,85.0,1.0,0.0
Keith D,1.0,33.0,7.0,4.0
KFP,1.0,45.0,0.0,0.0
Khukri,1.0,30.0,10.0,0.0
Kicking222,1.0,39.0,0.0,1.0
KieferSkunk,1.0,42.0,8.0,1.0
Kinu,1.0,68.0,1.0,0.0
Kizor,1.0,40.0,0.0,4.0
KrakatoaKatie,1.0,59.0,0.0,0.0
Kralizec!,1.0,47.0,0.0,0.0
Krimpet,1.0,35.0,17.0,6.0
Kubigula,1.0,39.0,0.0,0.0
Kurt Shaped Box,1.0,42.0,0.0,1.0
Kuru,1.0,79.0,1.0,0.0
Kwsn,1.0,74.0,31.0,11.0
LaraLove,1.0,137.0,22.0,5.0
Leebo,1.0,74.0,0.0,0.0
LessHeard vanU,1.0,44.0,16.0,3.0
Lid,1.0,40.0,0.0,0.0
Llama man,1.0,66.0,24.0,10.0
Lradrama,1.0,74.0,15.0,10.0
Lucasbfr,1.0,58.0,0.0,0.0
Lyrl,1.0,52.0,9.0,1.0
Madman,1.0,44.0,1.0,0.0
Magnus animum,1.0,70.0,10.0,2.0
Mallanox,1.0,51.0,1.0,0.0
Marasmusine,1.0,46.0,1.0,0.0
markles,1.0,30.0,4.0,0.0
Marskell,1.0,93.0,5.0,4.0
Masamage,1.0,34.0,0.0,0.0
Masem,1.0,50.0,1.0,1.0
MastCell,1.0,68.0,0.0,2.0
Matt Britt,1.0,0.0,2.0,0.0
Mattbr,1.0,49.0,0.0,0.0
MatthewUND,1.0,64.0,9.0,11.0
Mattinbgn,1.0,61.0,0.0,0.0
MaxSem,1.0,75.0,0.0,0.0
Mecu,1.0,65.0,36.0,14.0
Melburnian,1.0,45.0,7.0,7.0
Meno25,1.0,40.0,0.0,0.0
Metropolitan90,1.0,31.0,0.0,1.0
Michael Greiner,1.0,24.0,3.0,3.0
Michaelas10,1.0,77.0,5.0,0.0
MichaelBillington,1.0,105.0,21.0,4.0
Mike Peel,1.0,55.0,0.0,1.0
Mikeblas,1.0,34.0,1.0,1.0
MJCdetroit,1.0,61.0,26.0,16.0
monotonehell,1.0,29.0,6.0,3.0
Moonriddengirl,1.0,62.0,13.0,7.0
Moreschi,1.0,144.0,34.0,12.0
MoRsE,1.0,125.0,46.0,22.0
Mr.Z-man,1.0,43.0,2.0,0.0
Mtmelendez,1.0,54.0,0.0,0.0
Mysid,1.0,44.0,4.0,2.0
Nat,1.0,44.0,10.0,5.0
Natalie Erin,1.0,79.0,0.0,1.0
Navou,1.0,82.0,18.0,10.0
Nehrams2020,1.0,48.0,0.0,0.0
Neranei,1.0,100.0,17.0,10.0
Newyorkbrad,1.0,225.0,2.0,0.0
Nick Dowling,1.0,49.0,0.0,1.0
Night Gyr,1.0,56.0,4.0,5.0
Nightscream,1.0,30.0,13.0,1.0
Nihiltres,1.0,34.0,0.0,1.0
Nikki311,1.0,42.0,0.0,0.0
Nilfanion,1.0,117.0,0.0,1.0
Nmajdan,1.0,55.0,0.0,0.0
NrDg,1.0,55.0,1.0,1.0
Number 57,1.0,69.0,24.0,0.0
Nyttend,1.0,39.0,1.0,0.0
Ocatecir,1.0,43.0,0.0,2.0
Od Mishehu,1.0,25.0,1.0,2.0
Oldelpaso,1.0,37.0,0.0,1.0
Oldwindybear,1.0,66.0,0.0,1.0
Orangemike,1.0,51.0,3.0,3.0
Orderinchaos78,1.0,67.0,0.0,2.0
Oxymoron83,1.0,92.0,2.0,0.0
Pascal.Tesson,1.0,203.0,26.0,6.0
Pastordavid,1.0,69.0,2.0,1.0
Pats1,1.0,40.0,5.0,3.0
Pax,1.0,34.0,10.0,2.0
PeaceNT,1.0,71.0,1.0,0.0
Pedro,1.0,144.0,19.0,5.0
Penwhale,1.0,67.0,20.0,5.0
Persian Poet Gal,1.0,179.0,0.0,0.0
Philippe,1.0,65.0,0.0,2.0
Picaroon9288,1.0,62.0,0.0,0.0
Pigman,1.0,51.0,0.0,0.0
PrimeHunter,1.0,71.0,0.0,0.0
Prolog,1.0,58.0,0.0,1.0
ProveIt,1.0,65.0,4.0,4.0
PullToOpen,1.0,72.0,1.0,1.0
Qwghlm,1.0,50.0,1.0,1.0
Ragesoss,1.0,99.0,13.0,8.0
Random832,1.0,35.0,1.0,0.0
Raymond arritt,1.0,88.0,0.0,0.0
Rebelguys2,1.0,35.0,1.0,0.0
Recurring dreams,1.0,51.0,0.0,0.0
RedirectCleanupBot,1.0,168.0,15.0,7.0
Reedy Boy,1.0,48.0,1.0,0.0
Resolute,1.0,52.0,0.0,0.0
Rettetast,1.0,43.0,0.0,2.0
Revolving Bugbear,1.0,37.0,0.0,2.0
Riana dzasta,1.0,135.0,2.0,0.0
Richardshusr,1.0,67.0,1.0,0.0
Rifleman 82,1.0,46.0,1.0,0.0
Rigadoun,1.0,46.0,0.0,0.0
Rkitko,1.0,41.0,0.0,1.0
Rklawton,1.0,49.0,6.0,2.0
Rlevse,1.0,58.0,2.0,6.0
RockMFR,1.0,97.0,31.0,12.0
Ronnotel,1.0,42.0,9.0,3.0
Royalbroil,1.0,48.0,0.0,0.0
Ruhrfisch,1.0,62.0,0.0,0.0
Ryanpostlethwaite,1.0,80.0,8.0,3.0
Ryulong,1.0,208.0,120.0,27.0
Salix alba,1.0,80.0,0.0,0.0
Samulili,1.0,75.0,18.0,4.0
Sanchom,1.0,43.0,4.0,1.0
Satori Son,1.0,61.0,0.0,0.0
SatyrTN,1.0,71.0,4.0,3.0
Savidan,1.0,83.0,2.0,0.0
SB Johnny,1.0,71.0,25.0,5.0
SchuminWeb,1.0,43.0,6.0,0.0
Schutz,1.0,48.0,1.0,0.0
Scientizzle,1.0,68.0,0.0,1.0
Searchme,1.0,49.0,0.0,0.0
Seattle Skier,1.0,34.0,0.0,2.0
SebastianHelm,1.0,51.0,0.0,0.0
Selket,1.0,54.0,1.0,1.0
Seraphimblade,1.0,98.0,20.0,4.0
SGGH,1.0,38.0,1.0,1.0
Shadow1,1.0,68.0,16.0,5.0
ShadowHalo,1.0,50.0,0.0,0.0
Shimeru,1.0,63.0,0.0,0.0
Shirahadasha,1.0,89.0,25.0,13.0
Shyamal,1.0,56.0,9.0,4.0
SirFozzie,1.0,58.0,8.0,2.0
SkierRMH,1.0,35.0,2.0,1.0
Slakr,1.0,54.0,0.0,0.0
Slumgum,1.0,49.0,18.0,2.0
Snowolf,1.0,52.0,4.0,5.0
Soumyasch,1.0,53.0,10.0,4.0
Spartaz,1.0,38.0,1.0,1.0
Spebi,1.0,63.0,1.0,3.0
Spellcast,1.0,47.0,0.0,0.0
SpuriousQ,1.0,60.0,0.0,0.0
SQL,1.0,44.0,13.0,7.0
Sr13,1.0,44.0,1.0,1.0
ST47,1.0,133.0,66.0,21.0
Staecker,1.0,49.0,5.0,3.0
Stephan Schulz,1.0,38.0,4.0,2.0
Stephen,1.0,49.0,1.0,1.0
Swatjester,1.0,178.0,45.0,13.0
Tabercil,1.0,44.0,1.0,0.0
Tbo 157,1.0,23.0,5.0,3.0
TeaDrinker,1.0,55.0,0.0,0.0
TerriersFan,1.0,38.0,6.0,7.0
The-G-Unit-Boss,1.0,54.0,2.0,3.0
The Placebo Effect,1.0,37.0,13.0,4.0
The Rambling Man,1.0,128.0,0.0,0.0
The Random Editor,1.0,96.0,1.0,3.0
the undertow,1.0,49.0,1.0,0.0
Thespian,1.0,50.0,5.0,0.0
Tikiwont,1.0,31.0,1.0,0.0
TimVickers,1.0,80.0,1.0,1.0
Tony Fox,1.0,44.0,0.0,0.0
Tra,1.0,46.0,0.0,0.0
Trebor Rowntree,1.0,59.0,4.0,0.0
Trusilver,1.0,89.0,2.0,5.0
TSO1D,1.0,52.0,2.0,0.0
TwinsMetsFan,1.0,53.0,4.0,3.0
Useight,1.0,121.0,29.0,13.0
Vassyana,1.0,75.0,12.0,3.0
VegaDark,1.0,52.0,0.0,0.0
Veinor,1.0,55.0,1.0,0.0
Versageek,1.0,90.0,0.0,0.0
VirtualSteve,1.0,79.0,1.0,0.0
Visviva,1.0,66.0,1.0,0.0
Wafulz,1.0,40.0,0.0,0.0
Waggers,1.0,35.0,0.0,1.0
Walton monarchist89,1.0,71.0,19.0,12.0
Walton One,1.0,126.0,36.0,19.0
Wassupwestcoast,1.0,45.0,15.0,2.0
William Pietri,1.0,66.0,3.0,5.0
WilyD,1.0,40.0,4.0,1.0
Wimt,1.0,79.0,1.0,1.0
Wizardman,1.0,60.0,4.0,3.0
WJBscribe,1.0,131.0,1.0,0.0
WODUP,1.0,65.0,1.0,1.0
Woodym555,1.0,58.0,0.0,0.0
Wrp103,1.0,45.0,9.0,4.0
Xdamr,1.0,47.0,0.0,0.0
xDanielx,1.0,52.0,10.0,1.0
Xiner,1.0,64.0,5.0,2.0
Xnuala,1.0,38.0,2.0,0.0
Yamamoto Ichiro,1.0,60.0,14.0,8.0
Yandman,1.0,62.0,8.0,1.0
Yannismarou,1.0,112.0,1.0,0.0
Yonatan,1.0,53.0,0.0,0.0
Zzuuzz,1.0,97.0,17.0,8.0
53180,-1.0,3.0,15.0,0.0
A Raider Like Indiana,-1.0,4.0,12.0,5.0
Abela2006,-1.0,1.0,3.0,1.0
Adun12,-1.0,0.0,6.0,2.0
Aflumpire,-1.0,0.0,7.0,0.0
Agüeybaná,-1.0,34.0,43.0,8.0
Ahadland1234,-1.0,0.0,3.0,0.0
Airbus A300,-1.0,2.0,7.0,0.0
AKMask,-1.0,70.0,25.0,8.0
Aktron,-1.0,14.0,10.0,4.0
Alex43223,-1.0,30.0,18.0,5.0
Ali,-1.0,0.0,3.0,0.0
Amarkov,-1.0,35.0,53.0,1.0
Anthony5429,-1.0,0.0,8.0,3.0
Anthony cfc,-1.0,13.0,12.0,1.0
Anynobody,-1.0,13.0,26.0,8.0
AquaStreak,-1.0,1.0,3.0,0.0
Arkyan,-1.0,26.0,12.0,3.0
astroview120mm,-1.0,0.0,4.0,0.0
Avant Guard,-1.0,0.0,4.0,2.0
Averross,-1.0,0.0,16.0,3.0
Azuran,-1.0,0.0,7.0,1.0
Badlydrawnjeff,-1.0,166.0,83.0,18.0
Ben,-1.0,53.0,31.0,12.0
Betacommand,-1.0,143.0,91.0,19.0
bfissa,-1.0,0.0,6.0,1.0
BlackBear,-1.0,1.0,9.0,3.0
BlakeCS,-1.0,0.0,7.0,0.0
Bobes66,-1.0,0.0,5.0,0.0
bobsmith319,-1.0,3.0,14.0,0.0
Booksworm,-1.0,25.0,18.0,6.0
Booyabazooka,-1.0,24.0,11.0,12.0
Boricuaeddie,-1.0,25.0,16.0,3.0
BostonMA,-1.0,84.0,38.0,11.0
Bouncingmolar,-1.0,3.0,11.0,4.0
BovineBeast,-1.0,3.0,10.0,5.0
brettzwo,-1.0,1.0,8.0,0.0
Brylcreem2,-1.0,1.0,11.0,0.0
Budgiekiller,-1.0,69.0,26.0,11.0
Bushcarrot,-1.0,4.0,33.0,4.0
BYMAstudent,-1.0,0.0,5.0,1.0
Caldorwards4,-1.0,6.0,17.0,8.0
Captain panda,-1.0,79.0,46.0,12.0
Captmondo,-1.0,28.0,14.0,7.0
Caribbean1,-1.0,0.0,3.0,0.0
Carterdriggs,-1.0,1.0,6.0,1.0
CastAStone,-1.0,0.0,2.0,4.0
Celticfan383,-1.0,0.0,6.0,0.0
Ceres3,-1.0,0.0,10.0,2.0
Chacor,-1.0,88.0,77.0,14.0
Chamillitaryboi94,-1.0,0.0,3.0,1.0
Chris is me,-1.0,0.0,8.0,1.0
Chrishomingtang,-1.0,8.0,16.0,5.0
Chuckfromchan,-1.0,0.0,6.0,0.0
CJMiller,-1.0,0.0,8.0,0.0
Clamster5,-1.0,12.0,7.0,6.0
Clawson,-1.0,35.0,17.0,1.0
Cocoaguy,-1.0,2.0,8.0,1.0
Codelyoko193,-1.0,1.0,11.0,0.0
Cometstyles,-1.0,67.0,39.0,3.0
Communist47,-1.0,0.0,5.0,0.0
Crassic,-1.0,1.0,9.0,1.0
CRocka05,-1.0,0.0,7.0,0.0
crownofworms,-1.0,0.0,5.0,1.0
CyclePat,-1.0,0.0,11.0,0.0
Czac,-1.0,0.0,3.0,0.0
Czarbender,-1.0,3.0,7.0,2.0
Dagadt,-1.0,1.0,8.0,0.0
Daniel.Cardenas,-1.0,7.0,14.0,8.0
Danielrocks123,-1.0,2.0,20.0,0.0
Danswiki,-1.0,1.0,4.0,0.0
Dantheman531,-1.0,40.0,18.0,4.0
Dark Dragon Flame,-1.0,18.0,14.0,7.0
Darkest Hour,-1.0,2.0,10.0,4.0
Daven200520,-1.0,1.0,9.0,0.0
David.Mestel,-1.0,23.0,15.0,17.0
Davnel03 3,-1.0,1.0,9.0,0.0
Davy1132,-1.0,0.0,3.0,0.0
Dev920,-1.0,101.0,70.0,26.0
Diez2,-1.0,32.0,18.0,6.0
DOSGuy,-1.0,3.0,9.0,5.0
Doyley,-1.0,1.0,6.0,1.0
Dream out loud,-1.0,17.0,10.0,7.0
Drmaik,-1.0,5.0,13.0,10.0
Drumlineramos,-1.0,1.0,4.0,0.0
dustihowe,-1.0,1.0,3.0,0.0
DvDknight,-1.0,1.0,8.0,0.0
Dynaflow,-1.0,7.0,10.0,6.0
Dynamictwo-o,-1.0,0.0,5.0,0.0
EastGermanAllStar,-1.0,0.0,10.0,0.0
Edmundkh,-1.0,3.0,16.0,0.0
EdwinCasadoBaez,-1.0,0.0,6.0,2.0
eggwo,-1.0,0.0,6.0,0.0
Emesee,-1.0,1.0,7.0,2.0
Errabee,-1.0,71.0,31.0,4.0
Eukesh,-1.0,33.0,19.0,12.0
Extranet,-1.0,0.0,8.0,4.0
Fan-1967,-1.0,26.0,31.0,11.0
FastLizard4,-1.0,3.0,12.0,0.0
Ferrett3,-1.0,0.0,4.0,0.0
Fightindaman,-1.0,0.0,3.0,0.0
Finale Wiki Geek,-1.0,1.0,11.0,3.0
FirefoxRocks,-1.0,3.0,10.0,3.0
Flameviper,-1.0,8.0,36.0,7.0
Flaminglawyer,-1.0,1.0,9.0,0.0
Flubeca,-1.0,8.0,7.0,1.0
Foundby,-1.0,0.0,15.0,1.0
Froth,-1.0,57.0,35.0,19.0
Fyre2387,-1.0,15.0,12.0,1.0
gagueci,-1.0,2.0,9.0,2.0
Gay Cdn,-1.0,43.0,35.0,6.0
Geoffr,-1.0,0.0,2.0,1.0
Gizwidget,-1.0,1.0,3.0,1.0
Gndawydiak,-1.0,1.0,11.0,4.0
Goodshoped35110s,-1.0,2.0,16.0,0.0
Gp75motorsports,-1.0,0.0,3.0,0.0
Gracenotes,-1.0,201.0,71.0,4.0
GreaterWikiholic,-1.0,1.0,5.0,0.0
greenboxed,-1.0,1.0,7.0,0.0
Groupempty,-1.0,0.0,6.0,0.0
Grubber,-1.0,18.0,21.0,9.0
Gurch,-1.0,132.0,29.0,5.0
Hardcore Hak,-1.0,0.0,6.0,1.0
HarryMaxwell,-1.0,0.0,5.0,0.0
Hastingssaxonspride,-1.0,0.0,6.0,0.0
hehehehehehehe,-1.0,0.0,2.0,0.0
Hencetalk,-1.0,0.0,4.0,0.0
Hiddenhearts,-1.0,1.0,5.0,0.0
Hiphopchamp,-1.0,1.0,11.0,1.0
Hirak 99,-1.0,0.0,4.0,0.0
holmes.sherlock,-1.0,0.0,3.0,0.0
Hornetman16,-1.0,0.0,8.0,0.0
HyperSonicBoom,-1.0,0.0,22.0,2.0
Ibaranoff24,-1.0,24.0,25.0,14.0
IBeatAnorexia,-1.0,2.0,5.0,0.0
Imdanumber1,-1.0,11.0,10.0,5.0
Ineversigninsodonotmessageme,-1.0,1.0,1.0,2.0
IronDuke,-1.0,21.0,20.0,3.0
Ishikawa Minoru,-1.0,17.0,13.0,12.0
IslaamMaged126,-1.0,0.0,19.0,5.0
Ispy1981,-1.0,2.0,3.0,2.0
IvoShandor,-1.0,61.0,31.0,4.0
Jakew,-1.0,29.0,21.0,9.0
Jet123,-1.0,0.0,10.0,0.0
JetLover,-1.0,1.0,6.0,2.0
Jetstar888,-1.0,1.0,14.0,2.0
Jftsang,-1.0,0.0,4.0,0.0
Jhfireboy,-1.0,3.0,15.0,0.0
Joebengo,-1.0,18.0,21.0,9.0
Johnny Au,-1.0,1.0,9.0,0.0
Jonathan,-1.0,4.0,12.0,1.0
Jonjonbt,-1.0,1.0,9.0,1.0
Jor,-1.0,36.0,28.0,4.0
Josephtheboheme,-1.0,0.0,2.0,0.0
JP06035,-1.0,20.0,38.0,22.0
Jrockley,-1.0,7.0,16.0,9.0
Judae1,-1.0,0.0,5.0,0.0
JuJube,-1.0,45.0,16.0,7.0
Just H,-1.0,2.0,8.0,1.0
JXM,-1.0,1.0,9.0,2.0
Karrmann,-1.0,17.0,21.0,9.0
Kermanshahi,-1.0,3.0,8.0,0.0
KGV,-1.0,1.0,8.0,1.0
King Óðinn The Aesir,-1.0,0.0,7.0,0.0
Kitia,-1.0,1.0,7.0,2.0
Knobbie10,-1.0,1.0,6.0,0.0
Kntrabssi,-1.0,1.0,7.0,0.0
Kornfan71,-1.0,0.0,12.0,1.0
KyraVixen,-1.0,41.0,17.0,5.0
Kyriakos,-1.0,45.0,18.0,8.0
Kzrulzuall,-1.0,19.0,19.0,6.0
Lake54,-1.0,1.0,6.0,1.0
Laleena,-1.0,2.0,10.0,0.0
Lankybugger,-1.0,14.0,14.0,10.0
Lazylaces,-1.0,2.0,11.0,0.0
Limetolime,-1.0,0.0,8.0,4.0
Lincalinca,-1.0,28.0,18.0,3.0
Loom91,-1.0,13.0,14.0,9.0
Lord Hawk,-1.0,0.0,12.0,0.0
Luckyluke,-1.0,4.0,38.0,0.0
luvcraft,-1.0,2.0,9.0,3.0
Lwarf,-1.0,2.0,6.0,4.0
Maelwys,-1.0,41.0,16.0,6.0
MakeChooChooGoNow,-1.0,1.0,16.0,3.0
Marcschulz,-1.0,0.0,6.0,1.0
MarSch,-1.0,3.0,31.0,7.0
Martinultima,-1.0,2.0,18.0,3.0
MasterA113,-1.0,2.0,16.0,0.0
mattbroon,-1.0,0.0,5.0,1.0
MatthewFenton,-1.0,13.0,69.0,34.0
Mattl2001,-1.0,2.0,9.0,1.0
Max Naylor,-1.0,38.0,32.0,19.0
mbralchenko,-1.0,0.0,1.0,0.0
Mehrshad123,-1.0,0.0,10.0,0.0
Melsaran,-1.0,25.0,21.0,2.0
Member,-1.0,13.0,19.0,11.0
mentaka,-1.0,0.0,10.0,0.0
MER-C,-1.0,168.0,92.0,17.0
Mercury,-1.0,17.0,36.0,10.0
Michaelbusch,-1.0,28.0,27.0,3.0
Michaelsanders,-1.0,1.0,19.0,3.0
Michfan2123,-1.0,0.0,6.0,0.0
microchip08,-1.0,0.0,4.0,1.0
MiddleEastern,-1.0,0.0,10.0,0.0
Mike33,-1.0,1.0,6.0,0.0
Mike6271,-1.0,1.0,8.0,2.0
Minesweeper.007,-1.0,1.0,10.0,1.0
Miranda,-1.0,2.0,9.0,1.0
Missingno390,-1.0,0.0,6.0,0.0
MMAfan2007,-1.0,0.0,12.0,0.0
Moralis,-1.0,1.0,0.0,0.0
Mrld,-1.0,0.0,2.0,0.0
Mschel,-1.0,0.0,1.0,6.0
munkee madness,-1.0,1.0,5.0,0.0
N,-1.0,4.0,15.0,6.0
N3mm,-1.0,0.0,3.0,0.0
Nardman1,-1.0,3.0,14.0,4.0
Nat.tang,-1.0,0.0,1.0,0.0
Nat Wolff,-1.0,0.0,1.0,1.0
Nburden,-1.0,1.0,7.0,1.0
Nduell,-1.0,0.0,5.0,2.0
Nenyedi,-1.0,1.0,14.0,1.0
nenyedi,-1.0,2.0,15.0,3.0
NHRHS2010,-1.0,14.0,19.0,5.0
NicolasLord,-1.0,0.0,1.0,0.0
Nima Baghaei,-1.0,6.0,33.0,13.0
Nimrauko,-1.0,0.0,5.0,0.0
nuclearj,-1.0,2.0,8.0,3.0
Oddmartian2,-1.0,0.0,7.0,0.0
Oliver202,-1.0,3.0,8.0,0.0
oliver3669,-1.0,1.0,7.0,1.0
oo7565,-1.0,0.0,15.0,0.0
Otto4711,-1.0,1.0,20.0,4.0
owie123,-1.0,0.0,4.0,2.0
Ozgod,-1.0,21.0,11.0,8.0
P.B. Pilhet,-1.0,4.0,20.0,26.0
Padillah,-1.0,0.0,5.0,0.0
Parker007,-1.0,1.0,12.0,0.0
Patchouli,-1.0,0.0,6.0,0.0
Patricknoddy,-1.0,1.0,13.0,0.0
PaxEquilibrium,-1.0,33.0,25.0,6.0
Peregrine Fisher,-1.0,13.0,16.0,9.0
Perspicacite,-1.0,0.0,11.0,0.0
Philip Gronowski,-1.0,2.0,15.0,5.0
Phoenix2,-1.0,2.0,9.0,0.0
Pie Man 360,-1.0,1.0,9.0,1.0
Plainnym,-1.0,1.0,17.0,0.0
Plm209,-1.0,1.0,5.0,1.0
PNiddy,-1.0,2.0,9.0,3.0
PrestonH,-1.0,21.0,16.0,3.0
ProtectionBot,-1.0,185.0,41.0,13.0
Psdubow,-1.0,2.0,10.0,3.0
Pupster21,-1.0,8.0,36.0,7.0
Qst,-1.0,0.0,3.0,1.0
Quatreryukami,-1.0,0.0,4.0,0.0
Racepacket,-1.0,1.0,7.0,0.0
Randomjack,-1.0,0.0,3.0,0.0
Reaper X,-1.0,12.0,10.0,9.0
Retiono Virginian,-1.0,6.0,26.0,8.0
RevRagnarok,-1.0,39.0,18.0,9.0
Rhythmnation2004,-1.0,1.0,27.0,1.0
Richard n,-1.0,0.0,2.0,0.0
Roastytoast,-1.0,1.0,8.0,5.0
Ryan524,-1.0,0.0,6.0,0.0
Ryan Keyes,-1.0,1.0,4.0,2.0
Ryanzilla13,-1.0,0.0,5.0,2.0
Saint-Paddy,-1.0,4.0,23.0,4.0
Sam 1123,-1.0,0.0,5.0,6.0
Sangak,-1.0,0.0,4.0,2.0
Sasha Callahan,-1.0,3.0,9.0,4.0
Saturation2,-1.0,0.0,5.0,0.0
Saudiqbal,-1.0,0.0,3.0,0.0
Scharks,-1.0,16.0,10.0,4.0
sepehrsh,-1.0,1.0,6.0,1.0
Serpent's Choice,-1.0,31.0,15.0,5.0
Shimdidly,-1.0,0.0,7.0,0.0
Simply south,-1.0,31.0,15.0,3.0
Sir james paul,-1.0,3.0,12.0,1.0
Siva1979,-1.0,235.0,154.0,48.0
SJP,-1.0,13.0,18.0,4.0
Skully Collins,-1.0,13.0,17.0,8.0
SLSB,-1.0,2.0,7.0,1.0
Smcafirst,-1.0,12.0,33.0,3.0
Socks 01,-1.0,1.0,7.0,4.0
Soman,-1.0,22.0,29.0,17.0
Somitho,-1.0,11.0,23.0,3.0
Sony-youth,-1.0,31.0,24.0,10.0
Sox23,-1.0,1.0,12.0,0.0
Spartan-James,-1.0,10.0,22.0,6.0
SpecialAgentUncleTito,-1.0,1.0,6.0,0.0
SteveMcSherry,-1.0,0.0,2.0,0.0
Street Scholar,-1.0,1.0,9.0,1.0
Styrofoam1994,-1.0,0.0,0.0,1.0
SunStar Net,-1.0,10.0,27.0,20.0
Superbfc,-1.0,12.0,29.0,12.0
Surplu,-1.0,0.0,5.0,0.0
T-dot,-1.0,27.0,17.0,1.0
Taborlechner,-1.0,0.0,2.0,0.0
Tarret,-1.0,34.0,32.0,21.0
TeckWiz,-1.0,81.0,64.0,17.0
TehBrandon,-1.0,0.0,2.0,1.0
Tellyaddict,-1.0,0.0,9.0,6.0
TempDeletionBot,-1.0,38.0,34.0,2.0
Teniii,-1.0,0.0,8.0,0.0
The Haunted Angel,-1.0,36.0,26.0,6.0
The Raven's Apprentice,-1.0,0.0,7.0,1.0
Thebestkiano,-1.0,0.0,7.0,0.0
TheFearow,-1.0,32.0,25.0,10.0
TheIslander,-1.0,31.0,20.0,12.0
TheListUpdater,-1.0,2.0,16.0,2.0
Thenthornthing,-1.0,1.0,12.0,0.0
TheOkayThrill,-1.0,0.0,12.0,1.0
Thomasiscool,-1.0,0.0,4.0,1.0
TimySmidge,-1.0,0.0,3.0,0.0
TioChaka,-1.0,1.0,11.0,1.0
tjstrf,-1.0,52.0,7.0,0.0
Tohru Honda13,-1.0,6.0,5.0,2.0
TomasBat,-1.0,11.0,21.0,6.0
TonyTheTiger,-1.0,73.0,105.0,17.0
Touch Of Light,-1.0,1.0,7.0,0.0
TREYWiki,-1.0,1.0,7.0,1.0
Trumpetband,-1.0,1.0,3.0,2.0
U-Two,-1.0,0.0,1.0,0.0
Uga Man,-1.0,1.0,10.0,1.0
Vanilla2,-1.0,0.0,9.0,0.0
Veesicle,-1.0,15.0,11.0,11.0
victoria uni,-1.0,0.0,3.0,0.0
Vintei,-1.0,0.0,7.0,1.0
Vishwin60,-1.0,18.0,10.0,0.0
Vistro,-1.0,0.0,4.0,0.0
W1k13rh3nry,-1.0,1.0,4.0,0.0
Wandalstouring,-1.0,12.0,9.0,6.0
Wantok,-1.0,18.0,21.0,7.0
wavelab1,-1.0,0.0,1.0,0.0
Wenli,-1.0,20.0,15.0,5.0
Whiteandnerdy111,-1.0,0.0,7.0,1.0
Wikihermit,-1.0,30.0,29.0,7.0
Wikipedialuva,-1.0,1.0,8.0,2.0
WikipedianProlific,-1.0,68.0,23.0,8.0
Wikipediarules2221,-1.0,1.0,10.0,0.0
Wikisteph888,-1.0,0.0,9.0,0.0
Wikitank,-1.0,0.0,1.0,0.0
Wildnox,-1.0,11.0,18.0,10.0
Wildthing61476,-1.0,6.0,10.0,9.0
will merchant,-1.0,2.0,8.0,3.0
WilliamKF,-1.0,6.0,9.0,4.0
Wizardry Dragon,-1.0,21.0,24.0,5.0
Wooyi,-1.0,3.0,16.0,1.0
Yao Ziyuan,-1.0,49.0,18.0,9.0
yatesy1988,-1.0,0.0,5.0,0.0
Yonidebest,-1.0,13.0,16.0,5.0
Yuser31415,-1.0,8.0,38.0,11.0
zach111493,-1.0,0.0,2.0,0.0
Zachary crimsonwolf,-1.0,3.0,7.0,3.0
Zazzer,-1.0,2.0,21.0,0.0
(aeropagitica),1.0,40.0,10.0,5.0
Aaron Brenneman,1.0,113.0,44.0,15.0
Adambiswanger1,1.0,69.0,5.0,1.0
Admrboltz,1.0,24.0,1.0,2.0
Aecis,1.0,45.0,3.0,1.0
Agathoclea,1.0,63.0,3.0,2.0
Aguerriero,1.0,51.0,2.0,2.0
Aksi great,1.0,72.0,1.0,1.0
Aldux,1.0,47.0,2.0,7.0
Alex9891,1.0,54.0,8.0,6.0
Alex Bakharev,1.0,158.0,39.0,11.0
Alphachimp,1.0,138.0,2.0,2.0
Amalas,1.0,46.0,1.0,2.0
Ambush Commander,1.0,59.0,1.0,0.0
AmiDaniel,1.0,169.0,1.0,5.0
Andrew Levine,1.0,65.0,18.0,2.0
AndyZ,1.0,67.0,0.0,0.0
AnonEMouse,1.0,67.0,4.0,0.0
Anonymous editor,1.0,89.0,9.0,3.0
Art LaPella,1.0,51.0,14.0,4.0
Arthur Rubin,1.0,99.0,2.0,3.0
Ashibaka,1.0,71.0,1.0,0.0
Asterion,1.0,78.0,0.0,1.0
Atlant,1.0,44.0,4.0,0.0
Aude,1.0,71.0,0.0,1.0
Avraham,1.0,63.0,5.0,1.0
AYArktos,1.0,67.0,0.0,0.0
Babajobu,1.0,80.0,12.0,13.0
Banes,1.0,63.0,5.0,5.0
Banno,1.0,25.0,3.0,1.0
Bastique,1.0,85.0,11.0,6.0
Bbatsell,1.0,52.0,1.0,2.0
Ben W Bell,1.0,51.0,1.0,3.0
Blnguyen,1.0,160.0,1.0,1.0
Bobet,1.0,69.0,0.0,0.0
Bobo192,1.0,34.0,5.0,14.0
Bookofjude,1.0,142.0,0.0,0.0
Borisblue,1.0,48.0,2.0,1.0
BrownHairedGirl,1.0,69.0,17.0,10.0
Buchanan-Hermit,1.0,66.0,15.0,2.0
Bucketsofg,1.0,105.0,2.0,1.0
Cactus.man,1.0,80.0,1.0,1.0
"Can't sleep, clown will eat me",1.0,363.0,48.0,26.0
Canadian-Bacon,1.0,101.0,2.0,3.0
CanadianCaesar,1.0,63.0,4.0,3.0
Cantthinkofagoodname,1.0,58.0,0.0,1.0
Carnildo,1.0,217.0,132.0,22.0
CBDunkerson,1.0,111.0,1.0,4.0
Cbrown1023,1.0,48.0,1.0,0.0
Centrx,1.0,52.0,8.0,3.0
Ceyockey,1.0,50.0,1.0,0.0
Chairboy,1.0,79.0,0.0,0.0
Chaser,1.0,52.0,3.0,1.0
Chick Bowen,1.0,58.0,0.0,0.0
Cholmes75,1.0,66.0,36.0,12.0
ChrisGriswold,1.0,62.0,1.0,1.0
Christopher Sundita,1.0,68.0,21.0,12.0
Circeus,1.0,66.0,0.0,0.0
Cohesion,1.0,40.0,0.0,0.0
Conscious,1.0,75.0,0.0,0.0
Consumed Crustacean,1.0,61.0,16.0,4.0
Coredesat,1.0,75.0,0.0,1.0
Cowman109,1.0,86.0,16.0,2.0
Crazycomputers,1.0,55.0,13.0,5.0
Crzrussian,1.0,280.0,33.0,7.0
Cuivienen,1.0,72.0,11.0,1.0
Cyde,1.0,106.0,30.0,9.0
DaGizza,1.0,93.0,1.0,2.0
DakotaKahn,1.0,86.0,0.0,0.0
Dalbury,1.0,71.0,1.0,1.0
Daniel Olsen,1.0,8.0,14.0,2.0
Daveydweeb,1.0,72.0,0.0,1.0
David Kernow,1.0,42.0,0.0,1.0
Davidruben,1.0,49.0,10.0,5.0
Deckiller,1.0,73.0,1.0,4.0
Deepujoseph,1.0,77.0,2.0,0.0
Deiz,1.0,59.0,9.0,3.0
Deskana,1.0,54.0,2.0,3.0
Deville,1.0,72.0,1.0,0.0
Dijxtra,1.0,66.0,4.0,0.0
Dina,1.0,98.0,1.0,2.0
Doug Bell,1.0,78.0,7.0,5.0
Dsmdgold,1.0,34.0,8.0,5.0
Duja,1.0,90.0,0.0,0.0
Durova,1.0,81.0,0.0,1.0
Dustimagic,1.0,49.0,6.0,3.0
DVD R W,1.0,74.0,0.0,0.0
Eagle 101,1.0,64.0,3.0,1.0
Edgar181,1.0,75.0,0.0,0.0
Elf-friend,1.0,53.0,1.0,0.0
Encephalon,1.0,125.0,1.0,0.0
ERcheck,1.0,68.0,0.0,0.0
ESkog,1.0,91.0,5.0,1.0
Essexmutant,1.0,30.0,2.0,1.0
EurekaLott,1.0,27.0,3.0,7.0
EVula,1.0,62.0,0.0,0.0
EWS23,1.0,89.0,0.0,0.0
Extraordinary Machine,1.0,71.0,1.0,0.0
Ezeu,1.0,37.0,10.0,21.0
Fang Aili,1.0,91.0,3.0,5.0
Femto,1.0,26.0,12.0,16.0
Fir0002,1.0,65.0,3.0,3.0
Firsfron,1.0,62.0,0.0,1.0
FloNight,1.0,87.0,8.0,0.0
Flowerparty,1.0,62.0,0.0,4.0
FrancisTyers,1.0,59.0,0.0,0.0
Fred chessplayer,1.0,49.0,5.0,1.0
Fropuff,1.0,32.0,2.0,0.0
Future Perfect at Sunrise,1.0,73.0,0.0,1.0
Ganeshk,1.0,85.0,1.0,1.0
Gator1,1.0,141.0,18.0,4.0
GeeJo,1.0,46.0,0.0,0.0
Gflores,1.0,91.0,0.0,4.0
GIen,1.0,90.0,5.0,0.0
Ginkgo100,1.0,46.0,1.0,1.0
Gnangarra,1.0,64.0,0.0,3.0
Gogo Dodo,1.0,65.0,2.0,5.0
Goldom,1.0,53.0,2.0,1.0
Grandmasterka,1.0,105.0,2.0,0.0
GRBerry,1.0,87.0,1.0,0.0
Grendelkhan,1.0,64.0,1.0,0.0
Gryffindor,1.0,88.0,3.0,4.0
Guanaco,1.0,187.0,82.0,21.0
Guinnog,1.0,62.0,18.0,3.0
Gwernol,1.0,89.0,0.0,0.0
Haukurth,1.0,113.0,29.0,3.0
Heah,1.0,41.0,10.0,2.0
HereToHelp,1.0,75.0,1.0,2.0
HighInBC,1.0,22.0,48.0,24.0
Hoary,1.0,65.0,0.0,0.0
Hoopydink,1.0,95.0,2.0,0.0
Humus sapiens,1.0,114.0,2.0,5.0
Husnock,1.0,43.0,2.0,1.0
Husond,1.0,82.0,0.0,2.0
Ian13,1.0,58.0,27.0,8.0
IanManka,1.0,54.0,6.0,1.0
Idont havaname,1.0,58.0,3.0,0.0
Ilmari Karonen,1.0,32.0,0.0,2.0
InShaneee,1.0,44.0,0.0,2.0
Interiot,1.0,110.0,0.0,0.0
Irongargoyle,1.0,48.0,0.0,1.0
Ish ishwar,1.0,40.0,8.0,5.0
J.smith,1.0,48.0,1.0,1.0
J Di,1.0,54.0,0.0,2.0
Jaranda,1.0,156.0,43.0,36.0
JDoorjam,1.0,55.0,1.0,5.0
Jedi6,1.0,60.0,10.0,17.0
JLaTondre,1.0,60.0,2.0,4.0
Joelr31,1.0,65.0,3.0,1.0
Johan Elisson,1.0,64.0,0.0,0.0
Joke137,1.0,34.0,5.0,7.0
Jonathunder,1.0,56.0,0.0,1.0
Joshbuddy,1.0,88.0,15.0,6.0
JoshuaZ,1.0,130.0,5.0,5.0
Josiah Rowe,1.0,54.0,2.0,1.0
JPD,1.0,94.0,1.0,0.0
Jusjih,1.0,73.0,2.0,1.0
JzG,1.0,102.0,2.0,1.0
Kaisershatner,1.0,46.0,13.0,3.0
Kcordina,1.0,46.0,0.0,1.0
Keenan Pepper,1.0,77.0,0.0,0.0
Khoikhoi,1.0,157.0,38.0,12.0
KillerChihuahua,1.0,58.0,7.0,2.0
Kilo-Lima,1.0,60.0,4.0,1.0
Kimchi.sg,1.0,107.0,4.0,10.0
KimvdLinde,1.0,89.0,4.0,2.0
King of Hearts,1.0,75.0,1.0,0.0
Kingboyk,1.0,53.0,1.0,3.0
Kjkolb,1.0,91.0,0.0,0.0
Konstable,1.0,47.0,0.0,1.0
Kpjas,1.0,77.0,7.0,5.0
Kukini,1.0,84.0,1.0,4.0
Kungfuadam,1.0,56.0,1.0,1.0
Kusma,1.0,81.0,0.0,0.0
Kylu,1.0,111.0,29.0,16.0
Lar,1.0,109.0,5.0,1.0
Larry V,1.0,38.0,4.0,3.0
Laurascudder,1.0,87.0,0.0,1.0
Lethe,1.0,54.0,1.0,1.0
Lightdarkness,1.0,124.0,6.0,19.0
Ligulem,1.0,141.0,10.0,3.0
LiquidGhoul,1.0,77.0,2.0,1.0
Lord Voldemort,1.0,197.0,22.0,26.0
Lostintherush,1.0,61.0,0.0,0.0
Luna Santin,1.0,97.0,4.0,4.0
Makemi,1.0,45.0,7.0,1.0
Mangojuice,1.0,66.0,0.0,4.0
Mark83,1.0,52.0,2.0,0.0
Martinp23,1.0,30.0,32.0,16.0
Martyman,1.0,78.0,2.0,0.0
Master Jay,1.0,58.0,17.0,4.0
Mathwiz2020,1.0,33.0,0.0,0.0
MCB,1.0,50.0,0.0,0.0
Mdd4696,1.0,44.0,0.0,0.0
Meegs,1.0,56.0,0.0,5.0
Melchoir,1.0,73.0,0.0,1.0
Merope,1.0,66.0,11.0,5.0
Messedrocker,1.0,106.0,17.0,11.0
Metamagician3000,1.0,53.0,4.0,0.0
Metros232,1.0,72.0,0.0,1.0
Mets501,1.0,90.0,22.0,4.0
Mike 7,1.0,50.0,3.0,0.0
Mike Selinker,1.0,58.0,0.0,2.0
MisfitToys,1.0,54.0,7.0,5.0
Misza13,1.0,132.0,6.0,5.0
MPF,1.0,74.0,1.0,1.0
Mr. Lefty,1.0,101.0,21.0,14.0
MrDarcy,1.0,61.0,0.0,0.0
Mtz206,1.0,41.0,12.0,5.0
Myleslong,1.0,42.0,3.0,13.0
Naconkantari,1.0,99.0,15.0,11.0
Nae'blis,1.0,104.0,0.0,0.0
Natalya,1.0,95.0,2.0,2.0
NawlinWiki,1.0,64.0,3.0,3.0
NCurse,1.0,91.0,1.0,4.0
Netsnipe,1.0,66.0,4.0,3.0
Nightstallion,1.0,55.0,14.0,3.0
Nihonjoe,1.0,75.0,3.0,1.0
Nishkid64,1.0,60.0,9.0,4.0
Nixdorf,1.0,29.0,7.0,6.0
No Guru,1.0,68.0,0.0,12.0
NoSeptember,1.0,45.0,2.0,1.0
Obli,1.0,48.0,2.0,3.0
Ohnoitsjamie,1.0,28.0,20.0,10.0
Olessi,1.0,45.0,5.0,5.0
Opabinia regalis,1.0,79.0,1.0,1.0
Oscarthecat,1.0,79.0,20.0,13.0
Osgoodelawyer,1.0,56.0,0.0,2.0
Pagrashtak,1.0,53.0,3.0,0.0
Paolo Liberatore,1.0,51.0,0.0,0.0
Pengo,1.0,1.0,0.0,0.0
Pepsidrinka,1.0,84.0,2.0,1.0
Peruvianllama,1.0,82.0,1.0,0.0
Petros471,1.0,75.0,12.0,3.0
Pgk,1.0,80.0,3.0,0.0
Phaedriel,1.0,271.0,6.0,5.0
Philip Baird Shearer,1.0,80.0,4.0,1.0
Physicq210,1.0,53.0,6.0,0.0
Pilotguy,1.0,120.0,1.0,3.0
Plange,1.0,61.0,0.0,1.0
Prodego,1.0,78.0,3.0,0.0
ProhibitOnions,1.0,59.0,2.0,1.0
Proto,1.0,179.0,30.0,7.0
PS2pcGAMER,1.0,62.0,5.0,8.0
Pschemp,1.0,84.0,4.0,1.0
Punkmorten,1.0,53.0,2.0,0.0
Quarl,1.0,81.0,3.0,3.0
R.Koot,1.0,76.0,0.0,0.0
RadioKirk,1.0,68.0,10.0,9.0
Rama's Arrow,1.0,90.0,38.0,10.0
RasputinAXP,1.0,51.0,7.0,2.0
Raven4x4x,1.0,58.0,3.0,0.0
Redvers,1.0,105.0,1.0,0.0
Renata3,1.0,71.0,1.0,0.0
Renesis13,1.0,27.0,6.0,8.0
RexNL,1.0,47.0,7.0,5.0
ReyBrujo,1.0,80.0,1.0,1.0
Robdurbar,1.0,48.0,3.0,2.0
Robth,1.0,52.0,2.0,5.0
Rockero,1.0,52.0,15.0,11.0
Rockpocket,1.0,42.0,7.0,2.0
Rogerd,1.0,70.0,7.0,5.0
Royalguard11,1.0,58.0,2.0,0.0
Royboycrashfan,1.0,51.0,11.0,10.0
Rspeer,1.0,39.0,5.0,4.0
Runcorn,1.0,39.0,1.0,0.0
Rune.welsh,1.0,128.0,0.0,0.0
RyanGerbil10,1.0,38.0,8.0,8.0
Samir (The Scope),1.0,114.0,2.0,2.0
Samsara,1.0,68.0,5.0,5.0
Samuel Blanning,1.0,71.0,3.0,1.0
Sandstein,1.0,58.0,3.0,1.0
Sarah Ewart,1.0,160.0,4.0,1.0
Saravask,1.0,62.0,3.0,3.0
Sarge Baldy,1.0,8.0,0.0,0.0
Saxifrage,1.0,63.0,2.0,1.0
Scm83x,1.0,56.0,1.0,1.0
Sean Black,1.0,215.0,64.0,6.0
Silence,1.0,95.0,0.0,3.0
Silsor,1.0,95.0,20.0,5.0
Sir Nicholas de Mimsy-Porpington,1.0,99.0,4.0,4.0
Sjorford,1.0,98.0,6.0,0.0
Smurrayinchester,1.0,129.0,12.0,2.0
Snoutwood,1.0,64.0,0.0,0.0
SoothingR,1.0,82.0,11.0,5.0
Sreed1234,1.0,45.0,5.0,2.0
Srikeit,1.0,172.0,33.0,9.0
Staxringold,1.0,6.0,16.0,6.0
Steel359,1.0,52.0,2.0,0.0
Steinsky,1.0,47.0,1.0,0.0
Stemonitis,1.0,52.0,2.0,2.0
Stifle,1.0,66.0,2.0,6.0
StuffOfInterest,1.0,52.0,6.0,1.0
Superm401,1.0,45.0,0.0,3.0
Tangotango,1.0,109.0,0.0,0.0
Tariqabjotu,1.0,124.0,2.0,1.0
Tawker,1.0,135.0,40.0,54.0
Teke,1.0,76.0,2.0,0.0
TexasAndroid,1.0,59.0,0.0,0.0
Thatcher131,1.0,120.0,23.0,7.0
The JPS,1.0,95.0,2.0,2.0
theProject,1.0,67.0,0.0,0.0
TigerShark,1.0,62.0,13.0,6.0
Tijuana Brass,1.0,76.0,1.0,4.0
TimPope,1.0,39.0,1.0,0.0
TKD,1.0,38.0,0.0,0.0
Tom harrison,1.0,44.0,1.0,0.0
TomTheHand,1.0,43.0,1.0,0.0
Tone,1.0,46.0,2.0,3.0
Tonywalton,1.0,38.0,0.0,2.0
Trödel,1.0,54.0,0.0,1.0
Trialsanderrors,1.0,73.0,4.0,1.0
Turnstep,1.0,58.0,5.0,1.0
Tyrenius,1.0,64.0,19.0,9.0
Tznkai,1.0,53.0,1.0,0.0
UkPaolo,1.0,52.0,1.0,0.0
Vary,1.0,64.0,1.0,1.0
Vegaswikian,1.0,35.0,8.0,3.0
Viridae,1.0,32.0,26.0,12.0
W.marsh,1.0,141.0,2.0,0.0
Wangi,1.0,57.0,9.0,2.0
Water Bottle,1.0,48.0,1.0,0.0
WAvegetarian,1.0,84.0,1.0,2.0
Wgfinley,1.0,46.0,3.0,3.0
Where,1.0,103.0,0.0,0.0
Whouk,1.0,71.0,2.0,0.0
Wickethewok,1.0,61.0,9.0,3.0
Wiki alf,1.0,92.0,1.0,0.0
William M. Connolley,1.0,196.0,53.0,9.0
Winhunter,1.0,98.0,15.0,9.0
Wknight94,1.0,67.0,0.0,0.0
Wouterstomp,1.0,36.0,1.0,2.0
Wwwwolf,1.0,62.0,3.0,5.0
Xaosflux,1.0,98.0,2.0,0.0
Xoloz,1.0,144.0,4.0,1.0
Xyrael,1.0,54.0,6.0,4.0
Yamla,1.0,52.0,1.0,1.0
Yanksox,1.0,104.0,4.0,7.0
Yomangani,1.0,72.0,13.0,2.0
Youngamerican,1.0,71.0,0.0,0.0
Zsinj,1.0,66.0,17.0,9.0
4836.03,-1.0,2.0,20.0,4.0
9cds,-1.0,14.0,24.0,17.0
A Link to the Past,-1.0,39.0,49.0,23.0
Aaron teh tennisman,-1.0,0.0,6.0,0.0
AaronS,-1.0,10.0,16.0,8.0
Abcdefghijklm,-1.0,0.0,5.0,3.0
Abu badali,-1.0,26.0,26.0,7.0
Ac1983fan,-1.0,0.0,5.0,0.0
Acebrock,-1.0,5.0,25.0,7.0
Adam1213,-1.0,12.0,36.0,13.0
addatron,-1.0,0.0,2.0,0.0
Agateller,-1.0,22.0,40.0,10.0
Aido2002,-1.0,1.0,12.0,0.0
AKGhetto,-1.0,24.0,12.0,8.0
Alan Liefting,-1.0,22.0,25.0,22.0
Aleenf1,-1.0,1.0,5.0,0.0
Alfakim,-1.0,14.0,25.0,18.0
Alphax,-1.0,104.0,56.0,19.0
Ambuj.Saxena,-1.0,110.0,40.0,12.0
Amgine,-1.0,76.0,33.0,7.0
AMK152,-1.0,1.0,5.0,1.0
Amynewyork4248,-1.0,0.0,3.0,0.0
Andreasegde,-1.0,0.0,13.0,5.0
Andy5190,-1.0,2.0,5.0,0.0
Andypandy.UK,-1.0,69.0,27.0,11.0
Anglius,-1.0,0.0,34.0,3.0
AntoineJ,-1.0,0.0,1.0,0.0
Aranda56,-1.0,105.0,46.0,17.0
asams10,-1.0,6.0,22.0,8.0
Astanhope,-1.0,5.0,13.0,3.0
Axiomm,-1.0,3.0,23.0,4.0
AzaToth (2),-1.0,1.0,8.0,2.0
B&W Anime Fan,-1.0,0.0,13.0,0.0
Bart133,-1.0,9.0,15.0,6.0
benon,-1.0,19.0,20.0,17.0
Benon2,-1.0,4.0,12.0,5.0
Benon3,-1.0,62.0,23.0,14.0
Benon4,-1.0,57.0,24.0,13.0
Benon5,-1.0,52.0,28.0,4.0
Bg,-1.0,1.0,13.0,0.0
Bigtop,-1.0,1.0,6.0,4.0
Bigtop (2nd nomination),-1.0,0.0,4.0,3.0
BlackJack,-1.0,20.0,22.0,11.0
Bling-chav,-1.0,0.0,3.0,0.0
Bobabobabo,-1.0,2.0,12.0,2.0
Bormalagurski,-1.0,6.0,17.0,0.0
Bornhj,-1.0,13.0,11.0,10.0
Bottesini,-1.0,2.0,6.0,1.0
Bpazolli,-1.0,0.0,8.0,0.0
Brainhell,-1.0,3.0,18.0,4.0
Brendenhull2,-1.0,1.0,21.0,0.0
Brossow,-1.0,14.0,16.0,8.0
Brusselsshrek,-1.0,2.0,12.0,3.0
Bugs5382,-1.0,1.0,3.0,0.0
Cameron Nedland,-1.0,1.0,6.0,2.0
"Can't sleep, clown will eat me too",-1.0,67.0,3.0,2.0
Catamorphism,-1.0,56.0,30.0,12.0
Cchan199206,-1.0,10.0,30.0,8.0
Ccool2ax,-1.0,11.0,16.0,18.0
Chad1m,-1.0,0.0,3.0,0.0
Chaz365,-1.0,0.0,22.0,2.0
Chazz88,-1.0,0.0,4.0,0.0
CheNuevara,-1.0,43.0,16.0,7.0
Christopherlin,-1.0,22.0,11.0,8.0
CJ King,-1.0,2.0,4.0,2.0
Cjmarsicano,-1.0,1.0,13.0,2.0
Computerjoe,-1.0,92.0,56.0,25.0
Conrad Devonshire,-1.0,1.0,17.0,9.0
ContagiousTruth,-1.0,3.0,17.0,4.0
Cookiecaper,-1.0,16.0,37.0,17.0
Cooksey,-1.0,5.0,21.0,9.0
CorbinSimpson,-1.0,13.0,31.0,4.0
Crawfordknights,-1.0,0.0,6.0,0.0
Crazytales56297,-1.0,9.0,19.0,12.0
Crisspy,-1.0,4.0,16.0,0.0
CrnaGora,-1.0,2.0,12.0,1.0
Crystallina,-1.0,4.0,7.0,2.0
CTSWyneken,-1.0,29.0,34.0,8.0
CyberSkull,-1.0,40.0,19.0,8.0
Cynical,-1.0,26.0,17.0,3.0
Dangherous,-1.0,38.0,24.0,8.0
Daniel 123,-1.0,1.0,13.0,3.0
Dar-Ape,-1.0,10.0,8.0,3.0
DarknessLord,-1.0,1.0,5.0,3.0
DarthVader,-1.0,29.0,20.0,10.0
Daveswagon,-1.0,1.0,6.0,2.0
DavidJJJ,-1.0,2.0,13.0,5.0
dbertman,-1.0,1.0,2.0,0.0
DChiuch,-1.0,0.0,10.0,4.0
Deeptrivia,-1.0,11.0,15.0,3.0
DeltaSlaya,-1.0,0.0,1.0,0.0
Deon555,-1.0,18.0,25.0,10.0
Dewet,-1.0,57.0,21.0,8.0
Digitalme,-1.0,32.0,17.0,6.0
DINOMAN,-1.0,1.0,3.0,0.0
Djr xi,-1.0,62.0,49.0,11.0
DLJessup,-1.0,46.0,18.0,5.0
Dmlandfair,-1.0,3.0,10.0,7.0
Doctor Evil,-1.0,2.0,12.0,7.0
Doktorbuk,-1.0,9.0,19.0,27.0
downtowndontay,-1.0,0.0,1.0,0.0
Drdisque,-1.0,4.0,13.0,3.0
DRosenbach,-1.0,1.0,5.0,5.0
Drumguy8800,-1.0,14.0,30.0,9.0
DuctoMan16,-1.0,0.0,27.0,1.0
Dueyfinster,-1.0,0.0,15.0,0.0
Ec5618,-1.0,15.0,11.0,5.0
Electricbassguy,-1.0,0.0,3.0,1.0
Emt147,-1.0,12.0,16.0,3.0
Emt1472,-1.0,12.0,21.0,0.0
Encyclopedist,-1.0,10.0,18.0,10.0
Eternal Equinox,-1.0,0.0,12.0,1.0
Evadb,-1.0,17.0,26.0,16.0
EvocativeIntrigue,-1.0,23.0,26.0,6.0
Exir Kamalabadi,-1.0,4.0,5.0,4.0
exvicious,-1.0,2.0,14.0,8.0
Fetofs,-1.0,37.0,22.0,4.0
Flameviper12,-1.0,0.0,7.0,0.0
Flameviper X-1,-1.0,0.0,31.0,5.0
Flarn2005,-1.0,3.0,10.0,6.0
Folajimi,-1.0,5.0,19.0,4.0
Folajimi2,-1.0,0.0,17.0,7.0
Foxearth,-1.0,8.0,30.0,3.0
FrankWilliams,-1.0,2.0,8.0,10.0
Fritz Saalfeld,-1.0,33.0,20.0,7.0
Fu kinell,-1.0,1.0,4.0,0.0
Funnybunny,-1.0,14.0,25.0,4.0
Ganfon,-1.0,0.0,3.0,0.0
Gangsta-Easter-Bunny,-1.0,1.0,22.0,0.0
GangstaEB,-1.0,1.0,10.0,0.0
Gary Kirk,-1.0,11.0,13.0,14.0
Gene Poole,-1.0,16.0,26.0,7.0
General Eisenhower,-1.0,2.0,24.0,0.0
Genisock2,-1.0,28.0,25.0,3.0
Geo.plrd,-1.0,0.0,18.0,5.0
Getcrunk,-1.0,72.0,35.0,15.0
GHe,-1.0,62.0,23.0,7.0
griffjam,-1.0,0.0,17.0,0.0
grika,-1.0,5.0,15.0,8.0
Haham hanuka,-1.0,4.0,24.0,2.0
Hamedog,-1.0,12.0,19.0,11.0
Hello32020,-1.0,14.0,22.0,4.0
Helohe,-1.0,2.0,15.0,1.0
Hexagon1,-1.0,2.0,14.0,2.0
Hezzy,-1.0,0.0,9.0,5.0
HighwayCello,-1.0,79.0,84.0,28.0
Hmrox,-1.0,0.0,3.0,1.0
HolyRomanEmperor,-1.0,62.0,57.0,14.0
I-2-d2,-1.0,0.0,9.0,1.0
Iced Kola,-1.0,1.0,4.0,2.0
Icelandic Hurricane,-1.0,18.0,32.0,9.0
Idleguy,-1.0,34.0,24.0,11.0
ILovePlankton,-1.0,43.0,43.0,23.0
imdanumber1,-1.0,3.0,7.0,2.0
Infinity0,-1.0,5.0,32.0,6.0
Information Center,-1.0,3.0,12.0,2.0
Invisible Robot Fish,-1.0,1.0,10.0,1.0
Jake0geek,-1.0,0.0,13.0,2.0
JakeDHS07,-1.0,0.0,14.0,1.0
James Anatidae,-1.0,2.0,17.0,2.0
Jamyskis,-1.0,7.0,7.0,6.0
Jasenlee,-1.0,4.0,6.0,1.0
Jason Potter,-1.0,0.0,5.0,3.0
Jayanthv86,-1.0,0.0,13.0,0.0
Jc37,-1.0,14.0,20.0,13.0
JD UK,-1.0,3.0,17.0,2.0
jesterjester,-1.0,0.0,3.0,0.0
Jesus on Wheels,-1.0,2.0,15.0,1.0
Jflash,-1.0,2.0,5.0,0.0
Jimwitz,-1.0,0.0,6.0,0.0
Joan53,-1.0,2.0,13.0,4.0
joeferret,-1.0,2.0,5.0,0.0
John Anderson,-1.0,0.0,5.0,0.0
Jonathan235,-1.0,1.0,1.0,0.0
Joturner,-1.0,188.0,74.0,11.0
jstupple7,-1.0,0.0,1.0,0.0
Jtkiefer,-1.0,48.0,35.0,6.0
Juro,-1.0,7.0,21.0,1.0
JustPhil,-1.0,1.0,16.0,0.0
Karmafist,-1.0,130.0,80.0,27.0
katieh5584,-1.0,1.0,15.0,5.0
Kc9cqj,-1.0,0.0,9.0,11.0
keeleysam,-1.0,1.0,2.0,0.0
Keldan,-1.0,3.0,23.0,3.0
Kevin Baas,-1.0,8.0,26.0,5.0
Kf4bdy,-1.0,2.0,5.0,1.0
KI,-1.0,26.0,38.0,18.0
King Toadsworth,-1.0,0.0,3.0,2.0
Kizzle,-1.0,0.0,8.0,1.0
Kku,-1.0,7.0,15.0,5.0
kku2,-1.0,1.0,17.0,3.0
klingoncowboy4,-1.0,1.0,11.0,1.0
Kseferovic,-1.0,11.0,13.0,6.0
Lambertman,-1.0,2.0,6.0,10.0
larsinio,-1.0,30.0,23.0,5.0
laurenceandrews,-1.0,0.0,1.0,1.0
lavakille,-1.0,0.0,13.0,0.0
Lcarsdata,-1.0,5.0,16.0,4.0
Leotolstoy,-1.0,2.0,10.0,6.0
Liberal 2006,-1.0,0.0,4.0,0.0
Liyster,-1.0,1.0,12.0,0.0
Locke Cole,-1.0,42.0,29.0,7.0
London UK,-1.0,0.0,7.0,2.0
Lotsofissues,-1.0,22.0,14.0,2.0
LtPowers,-1.0,1.0,0.0,0.0
Lulu of the Lotus-Eaters,-1.0,73.0,34.0,13.0
M1ss1ontomars2k4,-1.0,12.0,11.0,9.0
M Johnson,-1.0,1.0,2.0,0.0
Mac Davis,-1.0,6.0,22.0,6.0
madcowpoo,-1.0,14.0,0.0,0.0
Malber,-1.0,12.0,38.0,6.0
Maltesedog3,-1.0,11.0,31.0,2.0
Maltesedog,-1.0,9.0,22.0,11.0
Markovich292,-1.0,9.0,34.0,9.0
Martial Law,-1.0,7.0,32.0,13.0
Matt Yeager,-1.0,51.0,36.0,9.0
Maxamegalon2000,-1.0,28.0,17.0,6.0
Mb1000,-1.0,13.0,29.0,16.0
Mboverload,-1.0,32.0,27.0,16.0
mcepitome,-1.0,1.0,3.0,3.0
Mdcollins1984,-1.0,2.0,17.0,1.0
Me and my robot,-1.0,0.0,5.0,0.0
Megaman Zero,-1.0,4.0,5.0,0.0
MegamanZero,-1.0,18.0,33.0,11.0
Memmke,-1.0,0.0,11.0,3.0
Micoolio101,-1.0,2.0,26.0,0.0
Mike1,-1.0,36.0,25.0,12.0
Mikedk9109,-1.0,0.0,7.0,1.0
MilkMiruku,-1.0,2.0,12.0,1.0
Minan,-1.0,0.0,5.0,0.0
Mipadi,-1.0,9.0,17.0,15.0
mlc409,-1.0,2.0,10.0,0.0
Moe Epsilon,-1.0,26.0,13.0,0.0
Morphh,-1.0,0.0,14.0,0.0
Movementarian,-1.0,0.0,4.0,6.0
Mrbowtie,-1.0,2.0,10.0,0.0
Mushrambo,-1.0,0.0,4.0,0.0
Naan Kadavul,-1.0,0.0,11.0,0.0
NickCatal,-1.0,4.0,12.0,3.0
NickCatal2,-1.0,0.0,7.0,0.0
NightDragon,-1.0,0.0,1.0,0.0
Nookdog,-1.0,0.0,8.0,2.0
Northenglish,-1.0,41.0,24.0,4.0
Ombudsman,-1.0,6.0,27.0,8.0
Osbus,-1.0,9.0,27.0,14.0
Patchouli2,-1.0,2.0,13.0,6.0
Paul Cyr,-1.0,10.0,19.0,7.0
PaulWicks,-1.0,1.0,12.0,3.0
Pegasus1138,-1.0,58.0,85.0,19.0
Peteg913,-1.0,0.0,10.0,0.0
PHDrillSergeant,-1.0,7.0,35.0,9.0
Piemanmoo,-1.0,2.0,24.0,2.0
Pikminlover,-1.0,0.0,3.0,0.0
Platypus222,-1.0,3.0,13.0,4.0
Pmanderson,-1.0,79.0,66.0,13.0
Poetlister,-1.0,1.0,10.0,3.0
POLLUX,-1.0,0.0,5.0,0.0
Popcorn2008,-1.0,0.0,3.0,0.0
Post Falls Man,-1.0,1.0,15.0,1.0
Preslethe,-1.0,9.0,25.0,9.0
PuckMV,-1.0,0.0,8.0,0.0
Punk Boi 8 2,-1.0,2.0,14.0,3.0
Punk Boi 8,-1.0,1.0,11.0,3.0
Qrc2006,-1.0,1.0,13.0,0.0
R.D.H. (Ghost In The Machine),-1.0,42.0,22.0,7.0
RAbbott,-1.0,0.0,7.0,0.0
Ramsquire,-1.0,0.0,5.0,3.0
Ramsquire2,-1.0,4.0,17.0,7.0
Randall Brackett,-1.0,8.0,9.0,4.0
RandyWang,-1.0,36.0,13.0,11.0
Rat235478683,-1.0,1.0,14.0,0.0
RelentlessRouge,-1.0,1.0,15.0,0.0
Remember,-1.0,0.0,3.0,1.0
Rewired,-1.0,0.0,4.0,0.0
RGTraynor,-1.0,18.0,14.0,18.0
Ricardo Lagos,-1.0,1.0,7.0,2.0
Rmky87,-1.0,2.0,9.0,6.0
Rmrfstar,-1.0,18.0,18.0,6.0
Robchurch,-1.0,328.0,95.0,22.0
Robert McClenon,-1.0,36.0,23.0,12.0
Robert Moore,-1.0,0.0,17.0,2.0
Rock's rock,-1.0,0.0,6.0,0.0
Rogerthat,-1.0,25.0,25.0,9.0
ronan.evans,-1.0,1.0,4.0,3.0
Rory096,-1.0,71.0,68.0,31.0
Salman01,-1.0,1.0,11.0,5.0
SaltyWater,-1.0,0.0,8.0,12.0
Sam Spade,-1.0,91.0,96.0,21.0
Samuelsen,-1.0,3.0,11.0,4.0
SaxTeacher,-1.0,8.0,23.0,12.0
Schuminweb,-1.0,16.0,21.0,9.0
Schzmo,-1.0,14.0,29.0,2.0
Schzmo2,-1.0,26.0,11.0,5.0
Schzmo3,-1.0,9.0,7.0,4.0
Sean gorter,-1.0,0.0,15.0,5.0
Selmo,-1.0,5.0,24.0,8.0
Shmirlywhirl,-1.0,0.0,2.0,0.0
ShootJar,-1.0,1.0,12.0,0.0
Simetrical,-1.0,95.0,48.0,7.0
Simpsons contributor,-1.0,0.0,6.0,0.0
SkerHawx,-1.0,1.0,14.0,1.0
Slashme,-1.0,0.0,3.0,1.0
Slicky,-1.0,0.0,9.0,2.0
Slyder Pilot,-1.0,0.0,13.0,0.0
Smitty494,-1.0,0.0,6.0,1.0
SoM,-1.0,26.0,19.0,2.0
Son of a Peach,-1.0,0.0,20.0,1.0
Son of a Peach II,-1.0,0.0,3.0,1.0
Spawn Man,-1.0,20.0,14.0,3.0
Splinter,-1.0,0.0,2.0,0.0
Stephen B Streater,-1.0,30.0,27.0,7.0
Stevage,-1.0,1.0,8.0,3.0
SteveBaker,-1.0,41.0,24.0,17.0
Steveo2,-1.0,9.0,33.0,9.0
Stevietheman,-1.0,27.0,14.0,3.0
Stlet.Rozinsky,-1.0,0.0,1.0,0.0
Striver,-1.0,1.0,18.0,1.0
Sugarpine,-1.0,6.0,7.0,0.0
Sukh,-1.0,43.0,18.0,8.0
Sunfazer,-1.0,0.0,17.0,2.0
SupaStarGirl,-1.0,2.0,14.0,6.0
SVera1NY,-1.0,0.0,14.0,0.0
SWD316,-1.0,51.0,50.0,11.0
TawkerbotTorA,-1.0,2.0,1.0,0.0
Tdxiang,-1.0,11.0,26.0,8.0
Teh tennisman,-1.0,0.0,1.0,0.0
TehKewl1,-1.0,10.0,36.0,13.0
Terence Ong,-1.0,153.0,79.0,18.0
Terenceong1992,-1.0,1.0,0.0,2.0
Terrillwhite,-1.0,0.0,6.0,1.0
The Bread,-1.0,2.0,7.0,6.0
The Fish,-1.0,13.0,0.0,0.0
The Halo,-1.0,67.0,32.0,9.0
The Hybrid,-1.0,7.0,7.0,2.0
The Republican,-1.0,3.0,16.0,1.0
The Thadman,-1.0,3.0,11.0,7.0
The Thadman2,-1.0,30.0,25.0,6.0
the truth from texas,-1.0,0.0,3.0,0.0
The Uber Ninja,-1.0,2.0,3.0,0.0
The Wookieepedian,-1.0,6.0,20.0,10.0
The Wookieepedian2,-1.0,2.0,4.0,2.0
TheM62Manchester,-1.0,2.0,14.0,1.0
Thetruthbelow,-1.0,0.0,15.0,2.0
Tmalmjursson,-1.0,1.0,8.0,1.0
Tmorton166,-1.0,7.0,21.0,16.0
TodorBozhinov,-1.0,33.0,23.0,25.0
Tom walker,-1.0,0.0,10.0,1.0
Topaz,-1.0,1.0,8.0,4.0
TruthbringerToronto,-1.0,9.0,32.0,11.0
Trysha,-1.0,57.0,31.0,5.0
Tuspm,-1.0,2.0,16.0,4.0
Tv316,-1.0,41.0,17.0,11.0
Tvaughn05,-1.0,1.0,10.0,0.0
Tzaquiel,-1.0,1.0,5.0,2.0
Underneath-it-All,-1.0,5.0,18.0,3.0
Unixer,-1.0,4.0,17.0,2.0
Urthogie,-1.0,7.0,19.0,0.0
Veracious Rey,-1.0,0.0,3.0,0.0
WCityMike,-1.0,12.0,26.0,6.0
Weirdy,-1.0,1.0,11.0,0.0
Werdna648,-1.0,109.0,62.0,26.0
Weyes3,-1.0,1.0,0.0,0.0
WikiCats,-1.0,0.0,9.0,0.0
WikiMan53,-1.0,0.0,11.0,0.0
Wikipeedio,-1.0,0.0,8.0,0.0
WillC,-1.0,4.0,39.0,3.0
Williamborg,-1.0,8.0,15.0,4.0
Xchrisblackx,-1.0,12.0,36.0,7.0
Xerocs,-1.0,0.0,3.0,0.0
Xerocs2,-1.0,2.0,22.0,1.0
xiner,-1.0,0.0,5.0,2.0
Yeltensic42.618,-1.0,3.0,21.0,1.0
Zack3rdbb,-1.0,1.0,5.0,0.0
Zanaq,-1.0,5.0,23.0,5.0
Zappa.jake,-1.0,19.0,32.0,5.0
Zapptastic,-1.0,24.0,13.0,3.0
zhudyzhu,-1.0,0.0,2.0,0.0
Zpb52,-1.0,21.0,21.0,7.0
23skidoo,1.0,58.0,0.0,0.0
A Man In Black,1.0,29.0,2.0,1.0
ABCD,1.0,42.0,14.0,4.0
Acetic Acid,1.0,97.0,14.0,5.0
Adashiel,1.0,39.0,1.0,0.0
Alabamaboy,1.0,46.0,1.0,1.0
Alai,1.0,55.0,0.0,0.0
Alhutch,1.0,25.0,0.0,0.0
AlistairMcMillan,1.0,26.0,1.0,4.0
Alkivar,1.0,120.0,58.0,15.0
Allen3,1.0,14.0,1.0,0.0
Alteripse,1.0,19.0,1.0,4.0
Ancheta Wis,1.0,38.0,0.0,0.0
Andrew Norman,1.0,26.0,0.0,0.0
Android79,1.0,54.0,0.0,0.0
Angr,1.0,35.0,0.0,1.0
Antandrus,1.0,35.0,0.0,0.0
Arcadian,1.0,23.0,3.0,0.0
Asbestos,1.0,32.0,0.0,0.0
Ausir,1.0,27.0,0.0,2.0
Awolf002,1.0,27.0,5.0,1.0
BanyanTree,1.0,35.0,0.0,0.0
BaronLarf,1.0,36.0,1.0,0.0
BD2412,1.0,185.0,0.0,0.0
Beland,1.0,58.0,1.0,0.0
Bhadani,1.0,44.0,2.0,0.0
Biekko,1.0,25.0,8.0,3.0
BillyH,1.0,27.0,5.0,5.0
Bishonen,1.0,2.0,0.0,0.0
Bluemoose,1.0,22.0,1.0,1.0
Bmicomp,1.0,65.0,1.0,0.0
Bogdangiusca,1.0,36.0,4.0,5.0
BorgHunter,1.0,24.0,6.0,0.0
BorgQueen,1.0,31.0,1.0,1.0
Bovlb,1.0,26.0,0.0,1.0
Bratsche,1.0,27.0,1.0,0.0
Brendanconway,1.0,30.0,0.0,0.0
Brian0918,1.0,25.0,5.0,4.0
Brian Kendig,1.0,35.0,3.0,1.0
Briangotts,1.0,30.0,1.0,1.0
BrianSmithson,1.0,44.0,0.0,0.0
Brighterorange,1.0,39.0,0.0,0.0
BrokenSegue,1.0,16.0,2.0,0.0
Brookie,1.0,33.0,0.0,0.0
Bumm13,1.0,61.0,3.0,1.0
Bunchofgrapes,1.0,33.0,0.0,1.0
Burgundavia,1.0,22.0,0.0,0.0
Cacycle,1.0,17.0,0.0,0.0
CambridgeBayWeather,1.0,42.0,1.0,0.0
Canderson7,1.0,20.0,0.0,1.0
Capitalistroadster,1.0,91.0,0.0,1.0
Carbonite,1.0,25.0,0.0,1.0
Cburnett,1.0,33.0,1.0,1.0
Cdc,1.0,18.0,0.0,0.0
Cedar-Guardian,1.0,12.0,2.0,2.0
Celestianpower,1.0,77.0,8.0,3.0
CesarB,1.0,24.0,1.0,0.0
Changlc,1.0,17.0,1.0,0.0
Clarkk,1.0,26.0,1.0,2.0
Cleared as filed,1.0,36.0,0.0,2.0
CLW,1.0,30.0,0.0,0.0
Cnwb,1.0,38.0,0.0,0.0
Commander Keane,1.0,46.0,0.0,1.0
Craigy144,1.0,13.0,0.0,1.0
Cryptic,1.0,73.0,1.0,0.0
Curps,1.0,25.0,1.0,0.0
Cyberjunkie,1.0,63.0,0.0,0.0
Dan100,1.0,35.0,0.0,2.0
DanielCD,1.0,19.0,3.0,2.0
Darwinek,1.0,52.0,8.0,4.0
dave souza,1.0,18.0,3.0,3.0
David Levy,1.0,35.0,6.0,1.0
Dbenbenn,1.0,30.0,1.0,0.0
Dbiv,1.0,14.0,0.0,1.0
Deathphoenix,1.0,60.0,1.0,0.0
Deltabeignet,1.0,24.0,9.0,3.0
Demi,1.0,57.0,0.0,0.0
Denelson83,1.0,44.0,19.0,4.0
DESiegel,1.0,51.0,2.0,0.0
Dmcdevit,1.0,38.0,1.0,1.0
Doc glasgow,1.0,42.0,2.0,1.0
DragonflySixtyseven,1.0,51.0,2.0,0.0
Dragons flight,1.0,28.0,2.0,0.0
DrBob,1.0,43.0,3.0,1.0
Drini,1.0,61.0,0.0,0.0
Durin,1.0,61.0,0.0,1.0
Dvyost,1.0,33.0,1.0,0.0
Edcolins,1.0,27.0,1.0,0.0
Edward,1.0,17.0,1.0,4.0
EdwinHJ,1.0,24.0,2.0,17.0
Egil,1.0,50.0,0.0,0.0
El C,1.0,44.0,9.0,0.0
Ellsworth,1.0,20.0,0.0,0.0
Enochlau,1.0,28.0,0.0,0.0
Essjay,1.0,68.0,1.0,1.0
Eugene van der Pijll,1.0,30.0,1.0,0.0
EvanProdromou,1.0,26.0,8.0,2.0
Evercat,1.0,47.0,1.0,1.0
Evil Monkey,1.0,42.0,0.0,0.0
Evilphoenix,1.0,32.0,0.0,1.0
Extreme Unction,1.0,46.0,13.0,2.0
Fastfission,1.0,84.0,0.0,1.0
Fawcett5,1.0,31.0,0.0,0.0
FayssalF,1.0,39.0,1.0,0.0
FCYTravis,1.0,25.0,1.0,0.0
Feco,1.0,19.0,4.0,1.0
FeloniousMonk,1.0,64.0,15.0,9.0
Fernando Rizo,1.0,32.0,1.0,1.0
FireFox,1.0,96.0,2.0,1.0
Flcelloguy,1.0,41.0,2.0,4.0
Freakofnurture,1.0,64.0,3.0,0.0
Freestylefrappe,1.0,38.0,20.0,10.0
FreplySpang,1.0,47.0,0.0,2.0
Friday,1.0,41.0,4.0,3.0
Func,1.0,112.0,0.0,0.0
Furrykef,1.0,20.0,1.0,0.0
Fvw,1.0,96.0,22.0,2.0
Gabbe,1.0,17.0,0.0,0.0
Garzo,1.0,40.0,0.0,0.0
Gdr,1.0,21.0,0.0,0.0
Goodoldpolonius2,1.0,44.0,1.0,0.0
GraemeL,1.0,79.0,1.0,0.0
Graft,1.0,26.0,4.0,2.0
GregAsche,1.0,45.0,1.0,0.0
GregRobson,1.0,11.0,2.0,0.0
Grenavitar,1.0,54.0,2.0,1.0
Grm wnr,1.0,23.0,1.0,0.0
Ground Zero,1.0,32.0,0.0,0.0
Grue,1.0,19.0,5.0,4.0
Grutness,1.0,44.0,2.0,1.0
GTBacchus,1.0,41.0,1.0,0.0
Guettarda,1.0,41.0,2.0,0.0
Gurubrahma,1.0,50.0,0.0,0.0
Gyrofrog,1.0,19.0,0.0,2.0
Hall Monitor,1.0,47.0,1.0,0.0
Hamster Sandwich,1.0,39.0,10.0,6.0
HappyCamper,1.0,33.0,2.0,1.0
Harro5,1.0,73.0,12.0,10.0
Hashar,1.0,31.0,2.0,0.0
Hedley,1.0,41.0,15.0,7.0
Henrygb,1.0,36.0,7.0,6.0
Hermione1980,1.0,48.0,12.0,4.0
HorsePunchKid,1.0,49.0,0.0,1.0
Howcheng,1.0,74.0,0.0,0.0
Humblefool,1.0,30.0,4.0,1.0
Ianblair23,1.0,57.0,0.0,0.0
Ianbrown,1.0,62.0,0.0,1.0
Icairns,1.0,25.0,0.0,0.0
IceKarma,1.0,27.0,1.0,1.0
Improv,1.0,45.0,2.0,1.0
Ingoolemo,1.0,18.0,0.0,0.0
Inter,1.0,26.0,1.0,0.0
Ixfd64,1.0,21.0,1.0,1.0
Izehar,1.0,55.0,1.0,1.0
Jacoplane,1.0,28.0,2.0,1.0
JamesTeterenko,1.0,29.0,1.0,1.0
Jareth,1.0,27.0,5.0,4.0
Jaxl,1.0,37.0,0.0,1.0
Jcw69,1.0,29.0,0.0,0.0
Jdavidb,1.0,23.0,0.0,3.0
Jeffrey O. Gustafson,1.0,31.0,0.0,0.0
JeremyA,1.0,30.0,0.0,0.0
JesseW,1.0,34.0,0.0,3.0
Jinian,1.0,10.0,1.0,1.0
JIP,1.0,29.0,0.0,1.0
Jitse Niesen,1.0,29.0,0.0,0.0
Jkelly,1.0,47.0,1.0,0.0
Jni,1.0,25.0,1.0,0.0
Jnothman,1.0,46.0,2.0,0.0
JoanneB,1.0,87.0,0.0,1.0
Joe Beaudoin Jr.,1.0,21.0,3.0,0.0
Johann Wolfgang,1.0,37.0,13.0,2.0
Johntex,1.0,37.0,2.0,1.0
JoJan,1.0,18.0,0.0,0.0
Jondel,1.0,40.0,0.0,0.0
Joolz,1.0,35.0,0.0,0.0
Josh Grosse,1.0,15.0,0.0,0.0
Journalist,1.0,86.0,11.0,5.0
Jredmond,1.0,40.0,0.0,0.0
JRM,1.0,71.0,1.0,0.0
Justinc,1.0,18.0,0.0,1.0
JWSchmidt,1.0,27.0,1.0,0.0
JYolkowski,1.0,20.0,0.0,0.0
K1Bond007,1.0,30.0,2.0,0.0
Kaldari,1.0,32.0,1.0,1.0
Katefan0,1.0,66.0,3.0,0.0
Kbdank71,1.0,26.0,2.0,0.0
Kbh3rd,1.0,23.0,0.0,0.0
Khaosworks,1.0,14.0,2.0,1.0
Kirill Lokshin,1.0,36.0,0.0,0.0
Kmccoy,1.0,48.0,2.0,5.0
Knowledge Seeker,1.0,28.0,0.0,0.0
KnowledgeOfSelf,1.0,59.0,0.0,0.0
Kwamikagami,1.0,36.0,9.0,6.0
Kzollman,1.0,24.0,0.0,0.0
Lacrimosus,1.0,36.0,1.0,0.0
Lbmixpro,1.0,19.0,0.0,1.0
Lectonar,1.0,23.0,0.0,0.0
Leithp,1.0,33.0,0.0,0.0
Linuxbeak,1.0,45.0,4.0,1.0
Lommer,1.0,16.0,2.0,1.0
Longhair,1.0,50.0,0.0,0.0
LordAmeth,1.0,23.0,0.0,0.0
Lucky 6.9,1.0,102.0,43.0,10.0
Luigi30,1.0,55.0,35.0,10.0
Lupin,1.0,24.0,4.0,2.0
Madchester,1.0,13.0,0.0,0.0
Mailer diablo,1.0,29.0,1.0,0.0
Mairi,1.0,35.0,2.0,2.0
Malathion,1.0,45.0,1.0,0.0
Malo,1.0,62.0,0.0,0.0
Marianocecowski,1.0,18.0,1.0,1.0
Marine 69-71,1.0,45.0,21.0,6.0
Mark Dingemanse,1.0,25.0,0.0,0.0
MarkGallagher,1.0,102.0,0.0,0.0
MarkSweep,1.0,54.0,1.0,1.0
Marudubshinki,1.0,21.0,3.0,2.0
Master Thief Garrett,1.0,38.0,7.0,2.0
MC MasterChef,1.0,42.0,0.0,1.0
Mel Etitis,1.0,66.0,1.0,0.0
Miborovsky,1.0,18.0,0.0,0.0
Mike Rosoft,1.0,42.0,2.0,0.0
Mindmatrix,1.0,45.0,1.0,0.0
Mindspillage,1.0,41.0,1.0,0.0
Mo0,1.0,36.0,1.0,2.0
Moriori,1.0,19.0,1.0,0.0
Mulad,1.0,21.0,0.0,0.0
Mushroom,1.0,26.0,0.0,0.0
Musical Linguist,1.0,82.0,2.0,0.0
Mysekurity,1.0,47.0,1.0,0.0
Mzajac,1.0,16.0,0.0,0.0
Nabla,1.0,24.0,0.0,1.0
Nandesuka,1.0,43.0,12.0,6.0
Natalinasmpf,1.0,65.0,4.0,3.0
Necrothesp,1.0,30.0,0.0,0.0
Ngb,1.0,26.0,2.0,0.0
NicholasTurnbull,1.0,49.0,6.0,3.0
Nickptar,1.0,38.0,2.0,1.0
Nickshanks,1.0,14.0,0.0,0.0
Nlu,1.0,58.0,0.0,0.0
NSLE,1.0,72.0,1.0,2.0
Nufy8,1.0,36.0,2.0,0.0
Nv8200p,1.0,25.0,0.0,1.0
Oleg Alexandrov,1.0,56.0,0.0,0.0
Omegatron,1.0,16.0,1.0,0.0
Orioane,1.0,28.0,1.0,0.0
Oven Fresh,1.0,20.0,5.0,1.0
OwenX,1.0,44.0,4.0,0.0
Pablo-flores,1.0,27.0,0.0,0.0
Pamri,1.0,50.0,0.0,0.0
Pathoschild,1.0,24.0,0.0,0.0
Paul August,1.0,38.0,0.0,0.0
Petaholmes,1.0,31.0,0.0,0.0
Pharos,1.0,22.0,0.0,0.0
Phil Boswell,1.0,29.0,1.0,0.0
Phils,1.0,14.0,2.0,4.0
Philwelch,1.0,44.0,6.0,8.0
Phroziac,1.0,56.0,2.0,2.0
Physchim62,1.0,40.0,0.0,0.0
Pjacobi,1.0,17.0,1.0,0.0
PRueda29,1.0,39.0,0.0,1.0
Psy guy,1.0,51.0,1.0,2.0
Qaz,1.0,19.0,0.0,0.0
R. fiend,1.0,53.0,7.0,4.0
R3m0t,1.0,33.0,0.0,0.0
Radiant!,1.0,71.0,9.0,2.0
Ragib,1.0,31.0,0.0,0.0
Ral315,1.0,27.0,1.0,0.0
Rama,1.0,52.0,0.0,0.0
Ramallite,1.0,81.0,25.0,6.0
Redux,1.0,19.0,1.0,0.0
Redwolf24,1.0,49.0,7.0,4.0
Refdoc,1.0,14.0,2.0,2.0
Reflex Reaction,1.0,30.0,2.0,3.0
RHaworth,1.0,30.0,1.0,0.0
Rholton,1.0,13.0,0.0,0.0
Rich Farmbrough,1.0,22.0,1.0,0.0
Rick Block,1.0,72.0,0.0,0.0
Ricky81682,1.0,21.0,1.0,0.0
Rje,1.0,22.0,0.0,0.0
RJFJR,1.0,27.0,0.0,1.0
Rlquall,1.0,14.0,2.0,2.0
RN,1.0,66.0,1.0,0.0
RobertG,1.0,26.0,0.0,0.0
RobyWayne,1.0,21.0,4.0,3.0
Ronline,1.0,37.0,2.0,1.0
RoyBoy,1.0,18.0,2.0,1.0
RoySmith,1.0,27.0,6.0,0.0
Rschen7754,1.0,24.0,1.0,1.0
Rx StrangeLove,1.0,30.0,0.0,0.0
Sam Hocevar,1.0,57.0,6.0,11.0
SamuelWantman,1.0,32.0,0.0,0.0
Sango123,1.0,37.0,1.0,0.0
Sasquatch,1.0,26.0,2.0,11.0
SCEhardt,1.0,23.0,0.0,0.0
Schissel,1.0,12.0,1.0,0.0
Scimitar,1.0,46.0,4.0,0.0
Scott Burley,1.0,12.0,2.0,0.0
ScottDavis,1.0,49.0,0.0,1.0
SCZenz,1.0,22.0,0.0,0.0
Seabhcan,1.0,22.0,2.0,5.0
Sebastiankessel,1.0,22.0,3.0,0.0
Sesel,1.0,18.0,3.0,0.0
Sfoskett,1.0,43.0,6.0,1.0
Shanel,1.0,49.0,9.0,2.0
Shanes,1.0,37.0,3.0,0.0
Shauri,1.0,45.0,8.0,1.0
Sherool,1.0,27.0,4.0,0.0
Shimgray,1.0,34.0,0.0,0.0
Shreshth91,1.0,22.0,0.0,0.0
Sjakkalle,1.0,46.0,1.0,0.0
Slambo,1.0,26.0,0.0,0.0
SlimVirgin,1.0,77.0,1.0,0.0
Smoddy,1.0,36.0,0.0,0.0
Sn0wflake,1.0,21.0,4.0,1.0
Snottygobble,1.0,30.0,0.0,0.0
SoLando,1.0,28.0,0.0,0.0
Sortior,1.0,15.0,0.0,0.0
Spangineer,1.0,33.0,0.0,1.0
Splash,1.0,77.0,1.0,0.0
Starblind,1.0,43.0,10.0,4.0
Sundar,1.0,16.0,0.0,0.0
Syrthiss,1.0,21.0,0.0,0.0
Ta bu shi da yu,1.0,194.0,21.0,10.0
Talrias,1.0,30.0,4.0,0.0
TenOfAllTrades,1.0,58.0,2.0,0.0
Thames,1.0,28.0,3.0,4.0
The Land,1.0,41.0,19.0,7.0
The Singing Badger,1.0,27.0,2.0,7.0
The Tom,1.0,16.0,1.0,2.0
Thebainer,1.0,46.0,0.0,0.0
TheCoffee,1.0,40.0,0.0,1.0
TheoClarke,1.0,42.0,1.0,0.0
TheParanoidOne,1.0,35.0,0.0,0.0
Thorpe,1.0,56.0,8.0,1.0
Thryduulf,1.0,57.0,2.0,1.0
Thunderbrand,1.0,13.0,0.0,0.0
Timrollpickering,1.0,21.0,0.0,1.0
Tomf688,1.0,28.0,1.0,1.0
Tony Sidaway,1.0,48.0,12.0,1.0
Tregoweth,1.0,48.0,0.0,1.0
Trevor macinnis,1.0,30.0,1.0,0.0
Triddle,1.0,19.0,2.0,2.0
Trilobite,1.0,42.0,4.0,0.0
TShilo12,1.0,57.0,5.0,3.0
Ugen64,1.0,43.0,2.0,2.0
Ulayiti,1.0,29.0,1.0,0.0
Uncle G,1.0,107.0,31.0,5.0
Utcursch,1.0,19.0,0.0,0.0
Vague Rant,1.0,53.0,1.0,0.0
Vaoverland,1.0,30.0,0.0,0.0
Voice of All(MTG),1.0,26.0,4.0,2.0
Vsmith,1.0,27.0,0.0,1.0
Waltpohl,1.0,15.0,2.0,0.0
Wayward,1.0,18.0,4.0,2.0
Who,1.0,92.0,10.0,2.0
Wiglaf,1.0,25.0,1.0,1.0
Wikiacc,1.0,18.0,0.0,1.0
Wikibofh,1.0,17.0,0.0,0.0
WikiFanatic,1.0,58.0,15.0,0.0
Wilfried Derksen,1.0,22.0,0.0,2.0
Willmcw,1.0,54.0,4.0,3.0
Woohookitty,1.0,30.0,1.0,2.0
Worldtraveller,1.0,49.0,1.0,0.0
Wwoods,1.0,12.0,1.0,3.0
Xezbeth,1.0,29.0,1.0,0.0
Y0u,1.0,10.0,1.0,3.0
Yelyos,1.0,58.0,11.0,2.0
Zocky,1.0,27.0,2.0,0.0
Zscout370,1.0,98.0,2.0,0.0
Zzyzx11,1.0,52.0,9.0,2.0
Ævar Arnfjörð Bjarmason,-1.0,60.0,32.0,4.0
Ђорђе Д. Божовић,-1.0,5.0,14.0,1.0
80-MAN,-1.0,6.0,1.0,14.0
ABCD.09,-1.0,4.0,8.0,4.0
Activision45,-1.0,1.0,10.0,2.0
Admiral Roo,-1.0,1.0,12.0,3.0
AfC,-1.0,0.0,12.0,0.0
Agent003,-1.0,0.0,9.0,0.0
AlbertR,-1.0,1.0,14.0,2.0
Appleboy,-1.0,4.0,8.0,0.0
ari89,-1.0,1.0,6.0,2.0
Aytakin,-1.0,1.0,6.0,1.0
B-101,-1.0,1.0,9.0,3.0
Bancroftian,-1.0,0.0,10.0,2.0
Beau99,-1.0,0.0,10.0,1.0
Ben Arnold,-1.0,7.0,14.0,7.0
Bkwillwm,-1.0,8.0,5.0,10.0
Bluejean,-1.0,0.0,5.0,0.0
bob rulz,-1.0,7.0,12.0,1.0
Bobblewik,-1.0,20.0,12.0,1.0
Boothy443,-1.0,1.0,11.0,2.0
Bourbons3,-1.0,1.0,7.0,1.0
BrandonYusufToropov,-1.0,23.0,31.0,7.0
BugzPal,-1.0,0.0,19.0,0.0
Bushytails,-1.0,34.0,17.0,3.0
Canaen,-1.0,1.0,20.0,3.0
Casito,-1.0,10.0,5.0,4.0
Chamaeleon,-1.0,13.0,25.0,5.0
Chanting Fox,-1.0,0.0,9.0,0.0
Chanting Fox (2nd),-1.0,5.0,11.0,3.0
Chooserr,-1.0,0.0,6.0,1.0
Chowells,-1.0,31.0,13.0,2.0
CJS102793,-1.0,1.0,10.0,0.0
Coburnpharr04,-1.0,9.0,6.0,4.0
Cognition,-1.0,1.0,21.0,2.0
Comics,-1.0,0.0,6.0,0.0
Darrien,-1.0,9.0,5.0,2.0
Davetunney,-1.0,0.0,5.0,0.0
Dinopup,-1.0,4.0,7.0,3.0
Doidimais Brasil,-1.0,0.0,12.0,1.0
DrZoidberg,-1.0,1.0,19.0,0.0
E. Brown,-1.0,24.0,12.0,7.0
EddieSegoura,-1.0,0.0,12.0,1.0
EdwinHJ (renomination),-1.0,5.0,9.0,5.0
Eequor (2nd),-1.0,45.0,16.0,16.0
EinsteinMC2,-1.0,1.0,8.0,0.0
Empty2005,-1.0,0.0,9.0,1.0
EventHorizon,-1.0,1.0,5.0,3.0
Falcon Kirtaran.10,-1.0,2.0,6.0,0.0
Firebug,-1.0,17.0,12.0,2.0
FuriousFreddy r1,-1.0,5.0,1.0,0.0
Garykirk,-1.0,0.0,5.0,0.0
Gkhan,-1.0,16.0,18.0,10.0
Goeagles4321,-1.0,1.0,4.0,0.0
Halibutt,-1.0,71.0,29.0,17.0
Hollow Wilerding,-1.0,1.0,16.0,2.0
Howabout1,-1.0,15.0,15.0,9.0
Imaglang,-1.0,0.0,8.0,0.0
Instantnood,-1.0,3.0,6.0,0.0
Jobe6,-1.0,12.0,11.0,1.0
"Just zis Guy, you know?",-1.0,1.0,0.0,0.0
Kappa,-1.0,42.0,24.0,2.0
Kils,-1.0,8.0,14.0,3.0
Kmweber,-1.0,0.0,12.0,0.0
KuatofKDY,-1.0,5.0,7.0,0.0
Litefantastic,-1.0,0.0,6.0,1.0
Lst27,-1.0,26.0,14.0,3.0
maltesedog,-1.0,0.0,18.0,2.0
Minghong,-1.0,12.0,9.0,5.0
Misterrick,-1.0,2.0,20.0,1.0
Monkbel,-1.0,3.0,7.0,2.0
Mrmattkatt,-1.0,0.0,3.0,0.0
mtmdem,-1.0,0.0,11.0,0.0
Musachachado,-1.0,1.0,10.0,0.0
NickBush24,-1.0,43.0,23.0,3.0
Niz,-1.0,6.0,8.0,2.0
NSR,-1.0,12.0,5.0,1.0
One Salient Oversight,-1.0,6.0,4.0,2.0
Pavel Vozenilek,-1.0,15.0,14.0,3.0
Pedant,-1.0,19.0,7.0,2.0
Peter Ellis,-1.0,10.0,8.0,0.0
Poccil2,-1.0,7.0,7.0,6.0
Poiuytman,-1.0,6.0,4.0,3.0
Private Butcher,-1.0,10.0,8.0,2.0
psufan2007,-1.0,0.0,8.0,0.0
Purplefeltangel,-1.0,1.0,11.0,2.0
Purplefeltangel2,-1.0,33.0,31.0,9.0
Pyrop,-1.0,9.0,3.0,1.0
Quale,-1.0,6.0,2.0,6.0
Rainbowwarrior1977,-1.0,0.0,13.0,0.0
Rfc1394,-1.0,1.0,11.0,3.0
Richard Arthur Norton (1958- ),-1.0,15.0,10.0,6.0
Rl,-1.0,26.0,14.0,2.0
salvag,-1.0,1.0,10.0,3.0
Sam Vimes,-1.0,25.0,11.0,6.0
SamuraiClinton,-1.0,0.0,20.0,5.0
Scott Gall,-1.0,2.0,21.0,1.0
ScottyBoy900Q,-1.0,35.0,12.0,1.0
Shaddack,-1.0,13.0,10.0,8.0
Sherurcij,-1.0,13.0,9.0,6.0
Spinboy,-1.0,19.0,19.0,3.0
Spottedowl,-1.0,1.0,10.0,4.0
SqueakBox,-1.0,4.0,8.0,6.0
Stevey7788,-1.0,10.0,11.0,1.0
Susvolans,-1.0,4.0,12.0,11.0
tdxiang,-1.0,1.0,11.0,1.0
Tedernst,-1.0,15.0,20.0,4.0
Thelb4,-1.0,7.0,10.0,4.0
ThomasK,-1.0,1.0,6.0,0.0
Tony1,-1.0,39.0,25.0,9.0
V. Molotov,-1.0,25.0,11.0,1.0
Vikreykja,-1.0,5.0,7.0,5.0
Wackymacs,-1.0,18.0,8.0,6.0
Walter,-1.0,35.0,16.0,4.0
WB,-1.0,7.0,5.0,5.0
Wereon,-1.0,5.0,18.0,0.0
Weyes,-1.0,9.0,0.0,0.0
Weyes2,-1.0,49.0,17.0,1.0
Weyes2a,-1.0,47.0,18.0,3.0
WhatWouldEmperorNortonDo,-1.0,4.0,16.0,1.0
WikiFan04,-1.0,2.0,12.0,4.0
Wikiwoohoo2,-1.0,0.0,9.0,4.0
Wonderfool,-1.0,2.0,13.0,3.0
YHoshua,-1.0,0.0,11.0,7.0
Zappaz,-1.0,15.0,15.0,6.0
Zereshk,-1.0,4.0,6.0,0.0
Zxcvbnm,-1.0,9.0,26.0,9.0
Academic Challenger,1.0,26.0,1.0,3.0
AlainV,1.0,8.0,1.0,0.0
Alex S,1.0,7.0,0.0,0.0
AllyUnion,1.0,13.0,0.0,1.0
ALoan,1.0,23.0,0.0,1.0
Ambivalenthysteria,1.0,33.0,0.0,0.0
Andrevan,1.0,20.0,0.0,0.0
Andrew Yong,1.0,13.0,2.0,1.0
Andrewa,1.0,25.0,1.0,0.0
Andris,1.0,14.0,0.0,0.0
AndyL,1.0,3.0,9.0,9.0
Aranel,1.0,35.0,0.0,3.0
Aris Katsaris,1.0,19.0,0.0,0.0
Arminius,1.0,15.0,0.0,3.0
Arvindn,1.0,12.0,0.0,0.0
Bearcat,1.0,11.0,0.0,0.0
Benc,1.0,31.0,1.0,3.0
Bkonrad,1.0,22.0,0.0,0.0
Blankfaze,1.0,28.0,2.0,1.0
Bmills,1.0,8.0,0.0,0.0
Brockert,1.0,17.0,0.0,0.0
Caltrop,1.0,2.0,0.0,0.0
Catbar,1.0,11.0,1.0,3.0
CatherineMunro,1.0,13.0,0.0,0.0
Cecropia,1.0,36.0,10.0,0.0
Chancemill,1.0,15.0,2.0,0.0
Charles Matthews,1.0,5.0,0.0,0.0
Chmod007,1.0,33.0,1.0,0.0
Chris 73,1.0,16.0,0.0,1.0
Chris Roy,1.0,16.0,0.0,0.0
ChrisO,1.0,12.0,0.0,0.0
Chuq,1.0,13.0,1.0,0.0
CJCurrie,1.0,22.0,1.0,4.0
COGDEN,1.0,12.0,1.0,0.0
ContiE,1.0,15.0,0.0,0.0
Cool Hand Luke,1.0,16.0,3.0,1.0
CryptoDerk,1.0,21.0,1.0,1.0
CSTAR,1.0,21.0,1.0,1.0
Cutler,1.0,13.0,1.0,0.0
CyborgTosser,1.0,48.0,10.0,8.0
Cyrius,1.0,20.0,0.0,0.0
Dale Arnett,1.0,14.0,0.0,0.0
DanKeshet,1.0,18.0,0.0,0.0
David.Monniaux,1.0,17.0,0.0,0.0
David Gerard,1.0,39.0,0.0,0.0
David Newton,1.0,10.0,1.0,0.0
Davidcannon,1.0,23.0,0.0,0.0
DavidWBrooks,1.0,6.0,0.0,0.0
Davodd,1.0,18.0,0.0,0.0
Dbachmann,1.0,19.0,1.0,1.0
Dcoetzee,1.0,14.0,1.0,0.0
Decumanus,1.0,25.0,1.0,1.0
Derek Ross,1.0,22.0,0.0,1.0
DF08,1.0,11.0,0.0,0.0
Diberri,1.0,12.0,0.0,0.0
Dino,1.0,11.0,0.0,1.0
DJ Clayworth,1.0,30.0,0.0,0.0
Dmn,1.0,12.0,1.0,4.0
Dpbsmith,1.0,19.0,0.0,0.0
DropDeadGorgias,1.0,28.0,0.0,0.0
Duk,1.0,22.0,0.0,0.0
Duncharris,1.0,39.0,5.0,3.0
Dwindrim,1.0,26.0,1.0,0.0
Earl Andrew,1.0,10.0,1.0,0.0
Ed g2s,1.0,16.0,0.0,0.0
Elf,1.0,35.0,1.0,0.0
Exploding Boy,1.0,23.0,2.0,1.0
Ezhiki,1.0,17.0,1.0,0.0
Fabiform,1.0,34.0,3.0,3.0
Fennec,1.0,29.0,7.0,3.0
Ferkelparade,1.0,18.0,0.0,0.0
Ffirehorse,1.0,19.0,3.0,0.0
Fire Star,1.0,19.0,0.0,1.0
Flockmeal,1.0,9.0,0.0,0.0
Francs2000,1.0,11.0,0.0,0.0
Frazzydee,1.0,38.0,0.0,0.0
Fredrik,1.0,30.0,0.0,0.0
Gadfium,1.0,24.0,0.0,0.0
Gamaliel,1.0,20.0,2.0,0.0
Gaz,1.0,7.0,1.0,2.0
GeneralPatton,1.0,43.0,9.0,4.0
Gentgeen,1.0,17.0,0.0,0.0
Geogre,1.0,34.0,2.0,1.0
Gerald Farinas,1.0,21.0,0.0,2.0
Golbez,1.0,16.0,0.0,0.0
Grunt,1.0,50.0,0.0,0.0
Gtrmp,1.0,31.0,0.0,0.0
Gwalla,1.0,21.0,4.0,2.0
Hadal,1.0,16.0,2.0,0.0
Hajor,1.0,11.0,0.0,0.0
Hawstom,1.0,21.0,4.0,0.0
Hcheney,1.0,24.0,4.0,0.0
Hemanshu,1.0,12.0,1.0,0.0
Hyacinth,1.0,46.0,2.0,0.0
Hypernovean,1.0,18.0,0.0,0.0
Ike9898,1.0,5.0,0.0,0.0
Imran,1.0,6.0,0.0,0.0
Isomorphic,1.0,17.0,0.0,0.0
Jallan,1.0,20.0,1.0,0.0
Jamesday,1.0,15.0,1.0,0.0
Jay,1.0,6.0,0.0,0.0
Jayjg,1.0,28.0,8.0,4.0
JCarriker,1.0,21.0,6.0,0.0
Jengod,1.0,17.0,0.0,0.0
Jeronimo,1.0,24.0,0.0,1.0
Jerzy,1.0,21.0,0.0,0.0
Jfdwolff,1.0,19.0,1.0,1.0
Jmabel,1.0,19.0,0.0,0.0
Johnleemk,1.0,14.0,2.0,1.0
JonMoore,1.0,14.0,0.0,1.0
Joy Stovall,1.0,21.0,0.0,0.0
Jpgordon,1.0,21.0,2.0,1.0
Jrdioko,1.0,10.0,2.0,2.0
Kaihsu,1.0,5.0,0.0,0.0
Karada,1.0,13.0,0.0,0.0
Kate,1.0,57.0,5.0,1.0
KF,1.0,18.0,0.0,0.0
Kim Bruning,1.0,25.0,1.0,0.0
KRS,1.0,8.0,0.0,0.0
Lachatdelarue,1.0,10.0,2.0,0.0
Lexor,1.0,10.0,0.0,0.0
Lord Emsworth,1.0,17.0,0.0,0.0
LouI,1.0,4.0,0.0,0.0
Lowellian,1.0,13.0,0.0,0.0
Ludraman,1.0,29.0,3.0,0.0
Lupo,1.0,17.0,0.0,0.0
MacGyverMagic,1.0,37.0,0.0,0.0
Mackensen,1.0,17.0,2.0,0.0
Mackeriv,1.0,12.0,1.0,0.0
Malcolm Farmer,1.0,15.0,0.0,0.0
Mark,1.0,24.0,0.0,0.0
Mark Richards,1.0,16.0,0.0,0.0
Markalexander100,1.0,16.0,1.0,1.0
Matt Crypto,1.0,27.0,0.0,0.0
Maury Markowitz,1.0,10.0,0.0,0.0
Maximus Rex,1.0,11.0,0.0,0.0
Meelar,1.0,11.0,0.0,0.0
Merovingian,1.0,18.0,0.0,0.0
Mic,1.0,7.0,0.0,0.0
Michael Snow,1.0,30.0,0.0,0.0
Mikkalai,1.0,8.0,0.0,0.0
Mirv,1.0,26.0,2.0,0.0
Mkmcconn,1.0,20.0,0.0,0.0
Mkweise,1.0,14.0,0.0,0.0
Moink,1.0,29.0,0.0,0.0
Moncrief,1.0,19.0,0.0,0.0
Morven,1.0,13.0,0.0,0.0
Mustafaa,1.0,41.0,0.0,0.0
MykReeve,1.0,22.0,2.0,0.0
Neutrality,1.0,117.0,46.0,11.0
Nichalp,1.0,14.0,2.0,1.0
Niteowlneils,1.0,31.0,0.0,0.0
Nohat,1.0,34.0,1.0,1.0
Noldoaran,1.0,5.0,0.0,0.0
Nunh-huh,1.0,25.0,1.0,0.0
Oberiko,1.0,12.0,0.0,0.0
OldakQuill,1.0,23.0,0.0,0.0
Optim,1.0,5.0,0.0,0.0
Ortolan88,1.0,27.0,0.0,0.0
PedanticallySpeaking,1.0,37.0,12.0,9.0
PFHLai,1.0,18.0,0.0,0.0
Pfortuny,1.0,20.0,0.0,0.0
PMelvilleAustin,1.0,21.0,0.0,0.0
Pollinator,1.0,18.0,0.0,0.0
Premeditated Chaos,1.0,22.0,1.0,0.0
Proteus,1.0,20.0,0.0,0.0
PZFUN,1.0,9.0,1.0,1.0
Quadell,1.0,21.0,4.0,2.0
RadicalBender,1.0,16.0,0.0,0.0
Ran,1.0,16.0,2.0,0.0
Rbrwr,1.0,13.0,0.0,0.0
Rdsmith4,1.0,17.0,1.0,1.0
RedWolf,1.0,3.0,0.0,0.0
RedWordSmith,1.0,22.0,0.0,1.0
Rfl,1.0,12.0,0.0,0.0
Rhobite,1.0,26.0,2.0,0.0
Rhymeless,1.0,18.0,1.0,0.0
Rlandmann,1.0,32.0,1.0,1.0
Rmhermen,1.0,26.0,0.0,0.0
Roadrunner,1.0,14.0,0.0,0.0
Robin Patterson,1.0,17.0,2.0,0.0
RobLa,1.0,5.0,0.0,0.0
Roozbeh,1.0,13.0,1.0,2.0
Rossami,1.0,38.0,2.0,0.0
Salsa Shark,1.0,12.0,0.0,0.0
SD6-Agent,1.0,20.0,0.0,0.0
Seglea,1.0,8.0,0.0,0.0
Seth Ilys,1.0,28.0,0.0,0.0
Sewing,1.0,17.0,0.0,0.0
Shallot,1.0,28.0,0.0,1.0
Siroxo,1.0,28.0,1.0,0.0
Sj,1.0,27.0,0.0,2.0
Slowking Man,1.0,37.0,1.0,0.0
Snowspinner,1.0,92.0,23.0,6.0
Solipsist,1.0,32.0,0.0,0.0
Spencer195,1.0,15.0,0.0,0.0
Ssd,1.0,20.0,0.0,0.0
Stevenj,1.0,18.0,0.0,0.0
Stewartadcock,1.0,7.0,0.0,0.0
Stormie,1.0,31.0,0.0,0.0
Sverdrup,1.0,27.0,1.0,0.0
SWAdair,1.0,41.0,4.0,2.0
Taxman,1.0,34.0,0.0,0.0
Texture,1.0,17.0,2.0,0.0
TheCustomOfLife,1.0,64.0,2.0,1.0
Thue,1.0,15.0,0.0,0.0
Tillwe,1.0,25.0,0.0,0.0
Tim Ivorson,1.0,10.0,1.0,0.0
Timc,1.0,13.0,0.0,0.0
Tkinias,1.0,18.0,1.0,0.0
Tom-,1.0,8.0,2.0,1.0
Topbanana,1.0,27.0,0.0,0.0
UninvitedCompany,1.0,18.0,3.0,1.0
Urhixidur,1.0,15.0,1.0,1.0
UtherSRG,1.0,37.0,0.0,0.0
VampWillow,1.0,25.0,0.0,0.0
Violetriga,1.0,35.0,0.0,0.0
Visorstuff,1.0,7.0,0.0,0.0
Wapcaplet,1.0,35.0,0.0,1.0
Warofdreams,1.0,10.0,0.0,0.0
Wernher,1.0,27.0,0.0,0.0
Wesley,1.0,18.0,0.0,0.0
Wile E. Heresiarch,1.0,28.0,2.0,1.0
Woggly,1.0,16.0,0.0,0.0
Ww,1.0,15.0,0.0,0.0
XJamRastafire,1.0,16.0,0.0,0.0
Yacht,1.0,13.0,0.0,0.0
Zero0000,1.0,21.0,9.0,0.0
Zoicon 5,1.0,22.0,0.0,2.0
Zoney,1.0,40.0,0.0,0.0
AdamRetchless.09,-1.0,6.0,4.0,1.0
Anárion,-1.0,9.0,6.0,4.0
Anárion2,-1.0,18.0,7.0,1.0
Anthony DiPierro,-1.0,4.0,20.0,3.0
BRG,-1.0,5.0,13.0,3.0
Calmypal.09,-1.0,3.0,9.0,3.0
Chan Han Xiang,-1.0,1.0,9.0,2.0
Chocolateboy.09,-1.0,5.0,5.0,3.0
ChrisDJackson.09,-1.0,5.0,21.0,4.0
Colipon.09,-1.0,2.0,5.0,0.0
DCEdwards1966,-1.0,11.0,5.0,4.0
EDGE,-1.0,2.0,16.0,0.0
Eequor,-1.0,14.0,17.0,6.0
Falcon Kirtaran.09,-1.0,1.0,5.0,1.0
Gareth Owen.09,-1.0,1.0,2.0,2.0
IndigoGenius,-1.0,0.0,25.0,6.0
Indrian,-1.0,4.0,6.0,1.0
Itai.09,-1.0,3.0,2.0,0.0
Leonard G.,-1.0,21.0,5.0,4.0
LGagnon,-1.0,14.0,8.0,3.0
Lst27.09,-1.0,0.0,2.0,0.0
Lucky 6.9.08,-1.0,33.0,21.0,4.0
Lucky 6.9 round 2,-1.0,8.0,4.0,3.0
Markalexander100.09,-1.0,9.0,3.0,0.0
Maurreen,-1.0,5.0,5.0,3.0
Misterrick.09,-1.0,3.0,8.0,0.0
Nathanlarson32767,-1.0,2.0,14.0,3.0
Netoholic,-1.0,3.0,28.0,7.0
Nikola Smolenski,-1.0,6.0,14.0,8.0
Norm,-1.0,13.0,7.0,1.0
P3d0,-1.0,11.0,4.0,1.0
Plato.07,-1.0,2.0,10.0,1.0
Plato.08,-1.0,4.0,25.0,22.0
Poccil,-1.0,2.0,4.0,4.0
Pumpie,-1.0,1.0,29.0,0.0
Rei.09,-1.0,14.0,6.0,4.0
Rogper.09,-1.0,13.0,11.0,0.0
ScudLee,-1.0,14.0,10.0,2.0
ShaneKing,-1.0,22.0,3.0,0.0
Skyler1534,-1.0,7.0,6.0,4.0
Squash,-1.0,18.0,10.0,3.0
TakuyaMurata,-1.0,3.0,0.0,1.0
Taoster,-1.0,6.0,11.0,1.0
TheCustomOfLife.09,-1.0,0.0,3.0,0.0
WHEELER.09,-1.0,2.0,15.0,1.0
168...,1.0,7.0,0.0,0.0
Ahoerstemeier,1.0,2.0,0.0,0.0
Andres,1.0,5.0,0.0,0.0
Ark30inf,1.0,4.0,0.0,0.0
Arwel Parry,1.0,9.0,0.0,0.0
Bcorr,1.0,9.0,2.0,0.0
Chadloder,1.0,1.0,0.0,0.0
Christopher Mahan,1.0,6.0,0.0,0.0
Cyan,1.0,1.0,0.0,0.0
CYD,1.0,1.0,0.0,0.0
Daniel Quinlan,1.0,7.0,0.0,0.0
DavidLevinson,1.0,3.0,0.0,0.0
Delirium,1.0,1.0,0.0,0.0
Dieter Simon,1.0,4.0,0.0,0.0
Dori,1.0,4.0,0.0,0.0
Dysprosia,1.0,4.0,0.0,0.0
Efghij,1.0,1.0,0.0,0.0
Evil saltine,1.0,5.0,0.0,0.0
Fantasy,1.0,1.0,0.0,0.0
Finlay McWalter,1.0,7.0,0.0,0.0
Fuzheado,1.0,1.0,0.0,0.0
Ihcoyc,1.0,4.0,0.0,0.0
J.J.,1.0,2.0,0.0,0.0
Jdforrester,1.0,1.0,0.0,0.0
Jlk73,1.0,3.0,0.0,0.0
Jwrosenzweig,1.0,2.0,0.0,0.0
Khym Chanur,1.0,2.0,0.0,0.0
Llywrch,1.0,3.0,0.0,0.0
Marshman,1.0,1.0,0.0,0.0
Michael Hardy,1.0,10.0,0.0,0.0
Mintguy,1.0,1.0,0.0,0.0
Morwen,1.0,6.0,0.0,0.0
Muriel Gottrop,1.0,7.0,0.0,0.0
Nanobug,1.0,3.0,0.0,0.0
Noel,1.0,1.0,0.0,0.0
Olivier,1.0,1.0,0.0,0.0
Pakaran,1.0,8.0,1.0,0.0
Patrick,1.0,1.0,0.0,0.0
Paul A,1.0,1.0,0.0,0.0
Pcb21,1.0,1.0,0.0,0.0
Pratyeka,1.0,3.0,0.0,0.0
RickK,1.0,5.0,0.0,0.0
Schneelocke,1.0,1.0,0.0,0.0
Secretlondon,1.0,6.0,0.0,0.0
SimonP,1.0,5.0,0.0,0.0
Snoyes,1.0,3.0,0.0,0.0
Stan Shebs,1.0,3.0,0.0,0.0
Stevertigo,1.0,1.0,0.0,0.0
Sugarfish,1.0,2.0,0.0,0.0
Timwi,1.0,9.0,0.0,0.0
Tompagenet,1.0,0.0,0.0,1.0
Tristanb,1.0,5.0,0.0,0.0
Vancouverguy,1.0,3.0,0.0,0.0
WhisperToMe,1.0,3.0,0.0,0.0
Zanimum,1.0,1.0,0.0,0.0
